日期,游戏名称,渠道号,新增用户,活跃用户,付费用户,运营流水(元),付费ARPU,活跃ARPU,付费率,次日留存率,三日留存率,七日留存率,数据提示
20171031,全民突击,10003901-三星,0,430,8,298.3,37.2875,0.69372093,0.0186,-,-,-,
20171031,战斗吧剑灵,10003901-三星,0,19,0,0,-,0,0,-,-,-,递延
20171031,火影忍者-疾风传,10003901-三星,317,10536,299,13142.04,43.95331104,1.24734624,0.0284,0.3849,-,-,
20171031,天天酷跑3D,10003901-三星,132,549,3,16.2,5.4,0.0295082,0.0055,0,-,-,递延
20171031,全民枪王,10003901-三星,1,165,1,960,960,5.81818182,0.0061,0,-,-,递延
20171031,魂斗罗：归来,10003901-三星,341,9207,446,41105.55,92.16491031,4.46459759,0.0484,0.3783,-,-,
20171031,全民斗战神,10003901-三星,10,152,6,65.6,10.93333333,0.43157895,0.0395,0.3,-,-,
20171031,王者荣耀,10003901-三星,5511,771424,11089,853329.69,76.95280819,1.10617467,0.0144,0.5068,-,-,
20171031,六龙争霸3D,10003901-三星,0,128,7,418,59.71428571,3.265625,0.0547,-,-,-,
20171031,保卫萝卜3,10003901-三星,219,3317,24,581.55,24.23125,0.17532409,0.0072,0.4932,-,-,
20171031,穿越火线-枪战王者,10003901-三星,1026,43323,386,31964.55,82.80971503,0.7378194,0.0089,0.4678,-,-,
20171031,全民超神-周年庆,10003901-三星,46,534,2,1.9,0.95,0.00355805,0.0037,0.3043,-,-,
20171031,御龙在天手游,10003901-三星,21,645,59,10370.4,175.7694915,16.07813953,0.0915,0.4762,-,-,
20171031,英雄战歌,10003901-三星,11,49,1,6.65,6.65,0.13571429,0.0204,0.0909,-,-,
20171031,封神英雄榜,10003901-三星,7,83,8,449.15,56.14375,5.41144578,0.0964,0,-,-,递延
20171031,猎鱼达人,10003901-三星,10,141,8,252.7,31.5875,1.79219858,0.0567,0.1,-,-,
20171031,仙剑奇侠传online,10003901-三星,0,0,0,0,-,-,-,-,-,-,
20171031,轩辕传奇,10003901-三星,29,608,114,22627.72,198.4887719,37.21664474,0.1875,0.4483,-,-,
20171031,弹弹堂,10003901-三星,61,696,34,809.9,23.82058824,1.16364943,0.0489,0.2951,-,-,
20171031,最强NBA,10003901-三星,3053,10184,655,34975.85,53.39824427,3.43439218,0.0643,0.5205,-,-,
20171031,梦幻诛仙,10003901-三星,0,0,0,0,-,-,-,-,-,-,
20171031,天龙八部,10003901-三星,76,1837,344,53476.4,155.4546512,29.11072401,0.1873,0.4342,-,-,
20171031,龙之谷,10003901-三星,59,913,103,10162.1,98.66116505,11.13044907,0.1128,0.4746,-,-,
20171031,寻仙,10003901-三星,103,578,68,1725.55,25.37573529,2.98538062,0.1176,0.4369,-,-,
20171031,乱世王者,10003901-三星,99,3000,326,32644.8,100.1374233,10.8816,0.1087,0.4141,-,-,
20171031,魔法门之英雄无敌：战争纪元,10003901-三星,0,0,0,0,-,-,-,-,-,-,
20171031,街头篮球,10003901-三星,150,2045,36,2506.05,69.6125,1.22545232,0.0176,0.5067,-,-,
20171031,欢乐球吃球,10003901-三星,0,0,0,0,-,-,-,-,-,-,
20171031,御史大冒险,10003901-三星,0,0,0,0,-,-,-,-,-,-,
20171031,三国群英传-霸王之业,10003901-三星,36,451,61,19487.45,319.4663934,43.2094235,0.1353,0.5278,-,-,
20171031,饭局狼人杀,10003901-三星,163,2117,7,327.75,46.82142857,0.15481814,0.0033,0.3926,-,-,
20171031,卡片怪兽,10003901-三星,0,0,0,0,-,-,-,-,-,-,
20171030,全民突击,10003901-三星,2,413,10,762.5,76.25,1.84624697,0.0242,-,0.5,-,
20171030,战斗吧剑灵,10003901-三星,0,16,0,0,-,0,0,-,-,-,递延
20171030,火影忍者-疾风传,10003901-三星,205,10526,417,43014.82,103.1530456,4.0865305,0.0396,-,0.3561,-,
20171030,天天酷跑3D,10003901-三星,124,550,1,76,76,0.13818182,0.0018,-,0,-,递延
20171030,全民枪王,10003901-三星,0,168,1,5.7,5.7,0.03392857,0.006,-,-,-,递延
20171030,魂斗罗：归来,10003901-三星,399,9256,250,38401.4,153.6056,4.14881158,0.027,-,0.2607,-,
20171030,全民斗战神,10003901-三星,6,155,7,171,24.42857143,1.10322581,0.0452,-,0,-,
20171030,王者荣耀,10003901-三星,5725,798577,10256,758207.34,73.92817278,0.94944801,0.0128,-,0.4005,-,
20171030,六龙争霸3D,10003901-三星,2,119,11,1752.9,159.3545455,14.7302521,0.0924,-,0,-,
20171030,保卫萝卜3,10003901-三星,222,3254,25,443.65,17.746,0.13633989,0.0077,-,0.3739,-,
20171030,穿越火线-枪战王者,10003901-三星,1021,43556,380,23206.9,61.07078947,0.53280604,0.0087,-,0.3467,-,
20171030,全民超神-周年庆,10003901-三星,56,566,5,119.7,23.94,0.2114841,0.0088,-,0.1786,-,
20171030,御龙在天手游,10003901-三星,25,624,60,9686.15,161.4358333,15.52267628,0.0962,-,0.32,-,
20171030,英雄战歌,10003901-三星,10,38,1,17.1,17.1,0.45,0.0263,-,0.2,-,
20171030,封神英雄榜,10003901-三星,3,75,5,305.8,61.16,4.07733333,0.0667,-,0,-,递延
20171030,猎鱼达人,10003901-三星,11,147,7,212.8,30.4,1.44761905,0.0476,-,0.3636,-,
20171030,仙剑奇侠传online,10003901-三星,0,0,0,0,-,-,-,-,-,-,
20171030,轩辕传奇,10003901-三星,20,605,110,12845.81,116.7800909,21.2327438,0.1818,-,0.7,-,
20171030,弹弹堂,10003901-三星,63,691,35,3961.55,113.1871429,5.73306802,0.0507,-,0.2857,-,
20171030,最强NBA,10003901-三星,3357,9621,663,30827.35,46.49675716,3.20417316,0.0689,-,0.4033,-,
20171030,梦幻诛仙,10003901-三星,0,0,0,0,-,-,-,-,-,-,
20171030,天龙八部,10003901-三星,77,1785,355,61815.6,174.1284507,34.63058824,0.1989,-,0.4156,-,
20171030,龙之谷,10003901-三星,55,906,107,13563.85,126.7649533,14.97113687,0.1181,-,0.3818,-,
20171030,寻仙,10003901-三星,84,574,63,3866.35,61.37063492,6.73580139,0.1098,-,0.3214,-,
20171030,乱世王者,10003901-三星,97,3013,362,35124.12,97.0279558,11.65752406,0.1201,-,0.3918,-,
20171030,魔法门之英雄无敌：战争纪元,10003901-三星,0,0,0,0,-,-,-,-,-,-,
20171030,街头篮球,10003901-三星,173,2127,43,3800.75,88.38953488,1.78690644,0.0202,-,0.3006,-,
20171030,欢乐球吃球,10003901-三星,0,0,0,0,-,-,-,-,-,-,
20171030,御史大冒险,10003901-三星,0,0,0,0,-,-,-,-,-,-,
20171030,三国群英传-霸王之业,10003901-三星,18,429,56,3527.5,62.99107143,8.22261072,0.1305,-,0.3333,-,
20171030,饭局狼人杀,10003901-三星,186,2169,7,280.25,40.03571429,0.12920701,0.0032,-,0.2634,-,
20171030,卡片怪兽,10003901-三星,0,0,0,0,-,-,-,-,-,-,
20171029,全民突击,10003901-三星,3,480,15,870.8,58.05333333,1.81416667,0.0313,0.3333,-,-,
20171029,战斗吧剑灵,10003901-三星,0,15,0,0,-,0,0,-,-,-,递延
20171029,火影忍者-疾风传,10003901-三星,398,12209,397,37944.46,95.57798489,3.10790892,0.0325,0.3266,-,-,
20171029,天天酷跑3D,10003901-三星,273,831,1,1,1,0.00120337,0.0012,0.1355,-,-,递延
20171029,全民枪王,10003901-三星,0,253,2,95.95,47.975,0.37924901,0.0079,-,-,-,递延
20171029,魂斗罗：归来,10003901-三星,570,10317,257,46833.05,182.2297665,4.53940584,0.0249,0.3404,-,-,
20171029,全民斗战神,10003901-三星,16,171,10,165.9,16.59,0.97017544,0.0585,0.25,-,-,
20171029,王者荣耀,10003901-三星,10361,935094,14716,1053227.41,71.57022357,1.12633319,0.0157,0.3947,-,-,
20171029,六龙争霸3D,10003901-三星,2,130,9,1297.7,144.1888889,9.98230769,0.0692,0,-,-,
20171029,保卫萝卜3,10003901-三星,396,3734,26,599.5,23.05769231,0.16055169,0.007,0.3636,-,-,
20171029,穿越火线-枪战王者,10003901-三星,2355,57364,524,31453.35,60.0254771,0.54831166,0.0091,0.3372,-,-,
20171029,全民超神-周年庆,10003901-三星,125,778,6,186.4,31.06666667,0.23958869,0.0077,0.216,-,-,
20171029,御龙在天手游,10003901-三星,26,656,65,19757.85,303.9669231,30.11867378,0.0991,0.3846,-,-,
20171029,英雄战歌,10003901-三星,11,46,0,0,-,0,0,0.2727,-,-,
20171029,封神英雄榜,10003901-三星,6,87,5,281,56.2,3.22988506,0.0575,0.3333,-,-,递延
20171029,猎鱼达人,10003901-三星,27,173,6,689.7,114.95,3.9867052,0.0347,0.3704,-,-,
20171029,仙剑奇侠传online,10003901-三星,0,0,0,0,-,-,-,-,-,-,
20171029,轩辕传奇,10003901-三星,41,616,122,15926.82,130.5477049,25.85522727,0.1981,0.4634,-,-,
20171029,弹弹堂,10003901-三星,117,921,44,1095.3,24.89318182,1.18925081,0.0478,0.2479,-,-,
20171029,最强NBA,10003901-三星,4510,10326,667,28354.1,42.50989505,2.74589386,0.0646,0.4337,-,-,
20171029,梦幻诛仙,10003901-三星,0,0,0,0,-,-,-,-,-,-,
20171029,天龙八部,10003901-三星,101,1850,373,53662.5,143.8672922,29.00675676,0.2016,0.4158,-,-,
20171029,龙之谷,10003901-三星,72,923,104,3714.05,35.71201923,4.02388949,0.1127,0.4167,-,-,
20171029,寻仙,10003901-三星,117,607,75,3964.25,52.85666667,6.53088962,0.1236,0.4274,-,-,
20171029,乱世王者,10003901-三星,114,3133,277,47214.4,170.4490975,15.07002873,0.0884,0.3509,-,-,
20171029,魔法门之英雄无敌：战争纪元,10003901-三星,0,0,0,0,-,-,-,-,-,-,
20171029,街头篮球,10003901-三星,365,2716,53,6689.75,126.2216981,2.4630891,0.0195,0.2767,-,-,
20171029,欢乐球吃球,10003901-三星,0,0,0,0,-,-,-,-,-,-,
20171029,御史大冒险,10003901-三星,0,0,0,0,-,-,-,-,-,-,
20171029,三国群英传-霸王之业,10003901-三星,35,481,41,5805.45,141.5963415,12.06954262,0.0852,0.2286,-,-,
20171029,饭局狼人杀,10003901-三星,342,2655,9,251.75,27.97222222,0.09482109,0.0034,0.3421,-,-,
20171029,卡片怪兽,10003901-三星,0,0,0,0,-,-,-,-,-,-,
20171028,全民突击,10003901-三星,1,483,16,1955.7,122.23125,4.04906832,0.0331,1,0,-,
20171028,战斗吧剑灵,10003901-三星,0,12,0,0,-,0,0,-,-,-,递延
20171028,火影忍者-疾风传,10003901-三星,485,12638,478,53227.01,111.3535774,4.21166403,0.0378,0.3732,0.1938,-,
20171028,天天酷跑3D,10003901-三星,298,869,1,5.7,5.7,0.00655926,0.0012,0.2517,0.1376,-,递延
20171028,全民枪王,10003901-三星,0,246,2,11.4,5.7,0.04634146,0.0081,-,-,-,递延
20171028,魂斗罗：归来,10003901-三星,636,10592,372,61580.4,165.5387097,5.81385952,0.0351,0.3884,0.2075,-,
20171028,全民斗战神,10003901-三星,12,164,12,351.5,29.29166667,2.14329268,0.0732,0.3333,0.0833,-,
20171028,王者荣耀,10003901-三星,14293,966412,29268,3030812.9,103.5538096,3.1361499,0.0303,0.5109,0.288,-,
20171028,六龙争霸3D,10003901-三星,3,141,7,694.45,99.20714286,4.9251773,0.0496,0.6667,0.3333,-,
20171028,保卫萝卜3,10003901-三星,435,3718,21,203.4,9.68571429,0.05470683,0.0056,0.4736,0.2506,-,
20171028,穿越火线-枪战王者,10003901-三星,2883,59176,632,30782.75,48.70688291,0.52018977,0.0107,0.4766,0.2223,-,
20171028,全民超神-周年庆,10003901-三星,158,810,12,170.3,14.19166667,0.21024691,0.0148,0.3291,0.0823,-,
20171028,御龙在天手游,10003901-三星,14,662,77,20189.5,262.2012987,30.49773414,0.1163,0.3571,0.4286,-,
20171028,英雄战歌,10003901-三星,24,73,0,0,-,0,0,0.2083,0.0833,-,
20171028,封神英雄榜,10003901-三星,10,85,5,156.55,31.31,1.84176471,0.0588,0.6,0.2,-,递延
20171028,猎鱼达人,10003901-三星,16,170,2,49.4,24.7,0.29058824,0.0118,0.3125,0.3125,-,
20171028,仙剑奇侠传online,10003901-三星,0,0,0,0,-,-,-,-,-,-,
20171028,轩辕传奇,10003901-三星,28,623,108,13068.4,121.0037037,20.97656501,0.1734,0.5714,0.3929,-,
20171028,弹弹堂,10003901-三星,116,922,38,2543.25,66.92763158,2.75840564,0.0412,0.3966,0.1552,-,
20171028,最强NBA,10003901-三星,5412,9485,674,21163.75,31.40022255,2.23128624,0.0711,0.4974,0.3051,-,
20171028,梦幻诛仙,10003901-三星,0,0,0,0,-,-,-,-,-,-,
20171028,天龙八部,10003901-三星,83,1867,345,45837.8,132.8631884,24.55158007,0.1848,0.4217,0.3012,-,
20171028,龙之谷,10003901-三星,90,951,109,17869.3,163.9385321,18.79001052,0.1146,0.4111,0.3111,-,
20171028,寻仙,10003901-三星,109,592,64,5062.65,79.10390625,8.55177365,0.1081,0.367,0.1927,-,
20171028,乱世王者,10003901-三星,135,3229,290,62954.68,217.0851035,19.49664912,0.0898,0.3852,0.2593,-,
20171028,魔法门之英雄无敌：战争纪元,10003901-三星,0,0,0,0,-,-,-,-,-,-,
20171028,街头篮球,10003901-三星,432,2850,56,5019.76,89.63857143,1.7613193,0.0196,0.4468,0.1667,-,
20171028,欢乐球吃球,10003901-三星,0,0,0,0,-,-,-,-,-,-,
20171028,御史大冒险,10003901-三星,0,0,0,0,-,-,-,-,-,-,
20171028,三国群英传-霸王之业,10003901-三星,49,499,37,10018.7,270.7756757,20.07755511,0.0741,0.3673,0.2449,-,
20171028,饭局狼人杀,10003901-三星,386,2770,7,280.25,40.03571429,0.10117329,0.0025,0.4326,0.1917,-,
20171028,卡片怪兽,10003901-三星,0,0,0,0,-,-,-,-,-,-,
20171027,全民突击,10003901-三星,5,462,13,448.81,34.52384615,0.97145022,0.0281,0.4,0.2,-,
20171027,战斗吧剑灵,10003901-三星,0,14,0,0,-,0,0,-,-,-,递延
20171027,火影忍者-疾风传,10003901-三星,309,11579,455,93730.75,206.0016484,8.09489161,0.0393,0.466,0.2977,-,
20171027,天天酷跑3D,10003901-三星,182,629,0,0,-,0,0,0.2308,0.1154,-,递延
20171027,全民枪王,10003901-三星,0,191,0,0,-,0,0,-,-,-,递延
20171027,魂斗罗：归来,10003901-三星,516,10184,304,47558.8,156.4434211,4.66995287,0.0299,0.3702,0.281,-,
20171027,全民斗战神,10003901-三星,8,165,13,1032.65,79.43461538,6.25848485,0.0788,0.375,0.125,-,
20171027,王者荣耀,10003901-三星,8308,854890,14424,898449.17,62.28848932,1.05095295,0.0169,0.5725,0.4351,-,
20171027,六龙争霸3D,10003901-三星,4,135,5,937.65,187.53,6.94555556,0.037,0.75,0.25,-,
20171027,保卫萝卜3,10003901-三星,287,3469,140,680.95,4.86392857,0.19629576,0.0404,0.4739,0.331,-,
20171027,穿越火线-枪战王者,10003901-三星,1572,49067,462,34737.75,75.18993506,0.70796564,0.0094,0.4994,0.3531,-,
20171027,全民超神-周年庆,10003901-三星,62,628,20,743.05,37.1525,1.18320064,0.0318,0.4194,0.1774,-,
20171027,御龙在天手游,10003901-三星,23,658,98,20290,207.0408163,30.83586626,0.1489,0.4348,0.3478,-,
20171027,英雄战歌,10003901-三星,13,47,0,0,-,0,0,0.3077,0.2308,-,
20171027,封神英雄榜,10003901-三星,7,82,8,985.75,123.21875,12.02134146,0.0976,0.2857,0.2857,-,递延
20171027,猎鱼达人,10003901-三星,19,158,6,66.5,11.08333333,0.42088608,0.038,0.2632,0.1579,-,
20171027,仙剑奇侠传online,10003901-三星,0,0,0,0,-,-,-,-,-,-,
20171027,轩辕传奇,10003901-三星,31,622,132,30414.16,230.410303,48.89736334,0.2122,0.4194,0.3548,-,
20171027,弹弹堂,10003901-三星,86,852,33,989.3,29.97878788,1.16115023,0.0387,0.4767,0.2209,-,
20171027,最强NBA,10003901-三星,5651,7271,721,24079.5,33.39736477,3.31171778,0.0992,0.5289,0.3913,-,
20171027,梦幻诛仙,10003901-三星,0,0,0,0,-,-,-,-,-,-,
20171027,天龙八部,10003901-三星,68,1859,355,58258.15,164.1074648,31.33843464,0.191,0.3824,0.3088,-,
20171027,龙之谷,10003901-三星,73,920,117,6483.1,55.41111111,7.04684783,0.1272,0.4384,0.3288,-,
20171027,寻仙,10003901-三星,93,556,65,4845.6,74.54769231,8.71510791,0.1169,0.4516,0.2473,-,
20171027,乱世王者,10003901-三星,108,3189,255,31208.11,122.3847451,9.78617435,0.08,0.3796,0.3056,-,
20171027,魔法门之英雄无敌：战争纪元,10003901-三星,0,0,0,0,-,-,-,-,-,-,
20171027,街头篮球,10003901-三星,267,2443,69,13467.92,195.1872464,5.51286124,0.0282,0.5019,0.3258,-,
20171027,欢乐球吃球,10003901-三星,0,0,0,0,-,-,-,-,-,-,
20171027,御史大冒险,10003901-三星,0,0,0,0,-,-,-,-,-,-,
20171027,三国群英传-霸王之业,10003901-三星,33,483,32,10958.8,342.4625,22.68902692,0.0663,0.4242,0.3333,-,
20171027,饭局狼人杀,10003901-三星,207,2332,8,95,11.875,0.04073756,0.0034,0.4589,0.3043,-,
20171027,卡片怪兽,10003901-三星,0,0,0,0,-,-,-,-,-,-,
20171026,全民突击,10003901-三星,0,444,16,747.36,46.71,1.68324324,0.036,-,-,-,
20171026,战斗吧剑灵,10003901-三星,0,18,0,0,-,0,0,-,-,-,递延
20171026,火影忍者-疾风传,10003901-三星,260,10749,331,22078.7,66.70302115,2.05402363,0.0308,0.4538,0.3538,0.1692,
20171026,天天酷跑3D,10003901-三星,140,533,2,24.7,12.35,0.04634146,0.0038,0.1929,0.1286,0,递延
20171026,全民枪王,10003901-三星,0,180,3,17.1,5.7,0.095,0.0167,-,-,-,递延
20171026,魂斗罗：归来,10003901-三星,738,10264,224,36245.9,161.8120536,3.53136204,0.0218,0.4024,0.2805,0.1612,
20171026,全民斗战神,10003901-三星,8,168,11,168.15,15.28636364,1.00089286,0.0655,0.25,0.125,0.125,
20171026,王者荣耀,10003901-三星,6375,780680,10439,546180.77,52.32117732,0.69962183,0.0134,0.5434,0.4579,0.2913,
20171026,六龙争霸3D,10003901-三星,0,149,12,4297.8,358.15,28.8442953,0.0805,-,-,-,
20171026,保卫萝卜3,10003901-三星,225,3291,29,875.9,30.20344828,0.26615011,0.0088,0.48,0.3778,0.1867,
20171026,穿越火线-枪战王者,10003901-三星,1109,41709,342,21054.88,61.56397661,0.50480424,0.0082,0.5014,0.3679,0.248,
20171026,全民超神-周年庆,10003901-三星,48,563,2,19,9.5,0.03374778,0.0036,0.2917,0.1667,0.0625,
20171026,御龙在天手游,10003901-三星,22,644,57,8009.35,140.5149123,12.43687888,0.0885,0.5455,0.5,0.2273,
20171026,英雄战歌,10003901-三星,13,47,1,18.05,18.05,0.38404255,0.0213,0.4615,0.3077,0.1538,
20171026,封神英雄榜,10003901-三星,7,80,9,273.4,30.37777778,3.4175,0.1125,0.2857,0.2857,0,递延
20171026,猎鱼达人,10003901-三星,9,158,3,91.2,30.4,0.57721519,0.019,0.2222,0.3333,0.2222,
20171026,仙剑奇侠传online,10003901-三星,0,0,0,0,-,-,-,-,-,-,
20171026,轩辕传奇,10003901-三星,36,624,130,16507.76,126.9827692,26.45474359,0.2083,0.3889,0.3333,0.1944,
20171026,弹弹堂,10003901-三星,92,752,43,1446.9,33.64883721,1.92406915,0.0572,0.3152,0.2174,0.0652,
20171026,最强NBA,10003901-三星,2524,2524,226,3729.15,16.50066372,1.47747623,0.0895,0.6418,0.4295,0.2726,
20171026,梦幻诛仙,10003901-三星,0,0,0,0,-,-,-,-,-,-,
20171026,天龙八部,10003901-三星,102,1876,347,43780.25,126.1678674,23.33702026,0.185,0.3529,0.2157,0.1373,
20171026,龙之谷,10003901-三星,80,886,110,26542.1,241.2918182,29.95722348,0.1242,0.4875,0.3,0.175,
20171026,寻仙,10003901-三星,81,518,57,10139.2,177.8807018,19.57374517,0.11,0.3827,0.2593,0.1852,
20171026,乱世王者,10003901-三星,121,3176,294,40839.02,138.9082313,12.8586335,0.0926,0.4298,0.3554,0.2975,
20171026,魔法门之英雄无敌：战争纪元,10003901-三星,0,0,0,0,-,-,-,-,-,-,
20171026,街头篮球,10003901-三星,200,2255,45,3729.35,82.87444444,1.65381375,0.02,0.47,0.295,0.175,
20171026,欢乐球吃球,10003901-三星,0,0,0,0,-,-,-,-,-,-,
20171026,御史大冒险,10003901-三星,0,0,0,0,-,-,-,-,-,-,
20171026,三国群英传-霸王之业,10003901-三星,38,497,37,7494.55,202.5554054,15.07957746,0.0744,0.2895,0.2368,0.1053,
20171026,饭局狼人杀,10003901-三星,180,2193,9,370.5,41.16666667,0.16894665,0.0041,0.4611,0.3278,0.1944,
20171026,卡片怪兽,10003901-三星,0,0,0,0,-,-,-,-,-,-,
20171025,全民突击,10003901-三星,2,465,13,1110.81,85.44692308,2.38883871,0.028,0,0,-,
20171025,战斗吧剑灵,10003901-三星,0,14,0,0,-,0,0,-,-,-,递延
20171025,火影忍者-疾风传,10003901-三星,272,10780,278,15181.86,54.61100719,1.40833581,0.0258,0.4485,0.3125,-,
20171025,天天酷跑3D,10003901-三星,142,543,1,5.7,5.7,0.01049724,0.0018,0.2324,0.1338,-,递延
20171025,全民枪王,10003901-三星,0,185,0,0,-,0,0,-,-,-,递延
20171025,魂斗罗：归来,10003901-三星,862,10382,380,54819.8,144.2626316,5.28027355,0.0366,0.384,0.2819,-,
20171025,全民斗战神,10003901-三星,7,163,8,80.75,10.09375,0.49539877,0.0491,0.2857,0.4286,-,
20171025,王者荣耀,10003901-三星,7055,775737,9652,414622.7,42.95717986,0.53448875,0.0124,0.5171,0.4337,-,
20171025,六龙争霸3D,10003901-三星,3,132,5,606.5,121.3,4.59469697,0.0379,1,0.6667,-,
20171025,保卫萝卜3,10003901-三星,252,3333,25,1832.6,73.304,0.54983498,0.0075,0.4802,0.4365,-,
20171025,穿越火线-枪战王者,10003901-三星,1131,41974,295,22782.35,77.22830508,0.54277291,0.007,0.4598,0.3378,-,
20171025,全民超神-周年庆,10003901-三星,45,582,3,200.5,66.83333333,0.34450172,0.0052,0.4222,0.2444,-,
20171025,御龙在天手游,10003901-三星,29,651,54,5382.4,99.67407407,8.26789555,0.0829,0.4828,0.1724,-,
20171025,英雄战歌,10003901-三星,14,43,0,0,-,0,0,0.1429,0.0714,-,
20171025,封神英雄榜,10003901-三星,4,78,4,415.95,103.9875,5.33269231,0.0513,0.75,0.5,-,递延
20171025,猎鱼达人,10003901-三星,14,163,4,57,14.25,0.34969325,0.0245,0.3571,0.2143,-,
20171025,仙剑奇侠传online,10003901-三星,0,0,0,0,-,-,-,-,-,-,
20171025,轩辕传奇,10003901-三星,31,636,131,18081.33,138.0254199,28.42976415,0.206,0.3226,0.129,-,
20171025,弹弹堂,10003901-三星,60,741,44,2590,58.86363636,3.49527665,0.0594,0.3167,0.1333,-,
20171025,梦幻诛仙,10003901-三星,0,0,0,0,-,-,-,-,-,-,
20171025,天龙八部,10003901-三星,117,1888,401,45028.55,112.2906484,23.84986758,0.2124,0.4359,0.2564,-,
20171025,龙之谷,10003901-三星,75,949,108,3274.1,30.31574074,3.45005269,0.1138,0.2933,0.28,-,
20171025,寻仙,10003901-三星,54,492,46,3258.35,70.83369565,6.6226626,0.0935,0.4815,0.3704,-,
20171025,乱世王者,10003901-三星,147,3219,296,39862.8,134.6716216,12.38359739,0.092,0.3946,0.2925,-,
20171025,魔法门之英雄无敌：战争纪元,10003901-三星,0,0,0,0,-,-,-,-,-,-,
20171025,街头篮球,10003901-三星,232,2287,52,4925.1,94.71346154,2.1535199,0.0227,0.4741,0.3233,-,
20171025,欢乐球吃球,10003901-三星,0,0,0,0,-,-,-,-,-,-,
20171025,御史大冒险,10003901-三星,0,0,0,0,-,-,-,-,-,-,
20171025,三国群英传-霸王之业,10003901-三星,42,502,41,7720.55,188.3060976,15.37958167,0.0817,0.4048,0.2381,-,
20171025,饭局狼人杀,10003901-三星,171,2243,9,318.25,35.36111111,0.14188587,0.004,0.4561,0.2982,-,
20171025,卡片怪兽,10003901-三星,0,0,0,0,-,-,-,-,-,-,
20171024,全民突击,10003901-三星,2,460,10,248.41,24.841,0.54002174,0.0217,0.5,0,0,
20171024,战斗吧剑灵,10003901-三星,0,18,0,0,-,0,0,-,-,-,递延
20171024,火影忍者-疾风传,10003901-三星,386,10904,315,16525.69,52.46250794,1.51556218,0.0289,0.3886,0.3031,0.171,
20171024,天天酷跑3D,10003901-三星,108,507,1,5.7,5.7,0.0112426,0.002,0.1481,0.0741,0.0278,递延
20171024,全民枪王,10003901-三星,0,178,1,5.7,5.7,0.03202247,0.0056,-,-,-,递延
20171024,魂斗罗：归来,10003901-三星,637,10219,381,35097.55,92.11955381,3.4345386,0.0373,0.416,0.2967,0.1837,
20171024,全民斗战神,10003901-三星,8,171,6,42.75,7.125,0.25,0.0351,0.75,0.125,0.125,
20171024,王者荣耀,10003901-三星,8045,770785,12343,497392.23,40.29751519,0.64530606,0.016,0.506,0.407,0.2718,
20171024,六龙争霸3D,10003901-三星,1,127,9,1343.3,149.2555556,10.57716535,0.0709,1,0,0,
20171024,保卫萝卜3,10003901-三星,232,3319,29,782.8,26.99310345,0.23585417,0.0087,0.5431,0.4267,0.2586,
20171024,穿越火线-枪战王者,10003901-三星,1021,41894,309,17490.2,56.602589,0.41748699,0.0074,0.4829,0.381,0.2341,
20171024,全民超神-周年庆,10003901-三星,46,562,2,12.35,6.175,0.02197509,0.0036,0.3261,0.1957,0.0652,
20171024,御龙在天手游,10003901-三星,19,629,51,5957.8,116.8196078,9.4718601,0.0811,0.3158,0.2105,0.1579,
20171024,英雄战歌,10003901-三星,5,37,0,0,-,0,0,0.2,0.2,0.2,
20171024,封神英雄榜,10003901-三星,4,72,3,390.1,130.0333333,5.41805556,0.0417,0.25,0,0,递延
20171024,猎鱼达人,10003901-三星,21,155,4,66.5,16.625,0.42903226,0.0258,0.2857,0.0952,0.0952,
20171024,仙剑奇侠传online,10003901-三星,0,0,0,0,-,-,-,-,-,-,
20171024,轩辕传奇,10003901-三星,35,656,140,26904.55,192.1753571,41.01303354,0.2134,0.6,0.3714,0.1714,
20171024,弹弹堂,10003901-三星,57,775,41,1168.7,28.50487805,1.508,0.0529,0.4561,0.2456,0.1228,
20171024,梦幻诛仙,10003901-三星,0,0,0,0,-,-,-,-,-,-,
20171024,天龙八部,10003901-三星,106,1909,410,56683.5,138.252439,29.69277108,0.2148,0.3868,0.3491,0.2358,
20171024,龙之谷,10003901-三星,89,963,112,4873.5,43.51339286,5.06074766,0.1163,0.4719,0.3034,0.191,
20171024,寻仙,10003901-三星,33,483,35,3279.05,93.68714286,6.7889234,0.0725,0.4848,0.303,0.1818,
20171024,乱世王者,10003901-三星,152,3242,368,33256.6,90.37119565,10.25805059,0.1135,0.4342,0.3684,0.2697,
20171024,魔法门之英雄无敌：战争纪元,10003901-三星,0,0,0,0,-,-,-,-,-,-,
20171024,街头篮球,10003901-三星,205,2255,35,5024.65,143.5614286,2.22822616,0.0155,0.4439,0.322,0.1805,
20171024,欢乐球吃球,10003901-三星,0,0,0,0,-,-,-,-,-,-,
20171024,御史大冒险,10003901-三星,0,0,0,0,-,-,-,-,-,-,
20171024,三国群英传-霸王之业,10003901-三星,38,487,40,9233.7,230.8425,18.96036961,0.0821,0.3684,0.3684,0.2895,
20171024,饭局狼人杀,10003901-三星,142,2219,5,141.25,28.25,0.0636548,0.0023,0.4859,0.3803,0.2183,
20171024,卡片怪兽,10003901-三星,0,0,0,0,-,-,-,-,-,-,
20171023,全民突击,10003901-三星,2,473,16,911.46,56.96625,1.92697674,0.0338,0,0,0,
20171023,战斗吧剑灵,10003901-三星,0,14,0,0,-,0,0,-,-,-,递延
20171023,火影忍者-疾风传,10003901-三星,375,10847,514,55493.3,107.9636187,5.11600443,0.0474,0.4507,0.2987,0.184,
20171023,天天酷跑3D,10003901-三星,140,563,3,66.5,22.16666667,0.11811723,0.0053,0.1714,0.0929,0.0214,递延
20171023,全民枪王,10003901-三星,0,180,0,0,-,0,0,-,-,-,递延
20171023,魂斗罗：归来,10003901-三星,658,10353,432,33313.55,77.11469907,3.2177678,0.0417,0.4012,0.2933,0.1398,
20171023,全民斗战神,10003901-三星,9,175,13,413.25,31.78846154,2.36142857,0.0743,0.3333,0.2222,0.1111,
20171023,王者荣耀,10003901-三星,5788,728750,29506,1177856.22,39.91921033,1.61626926,0.0405,0.5617,0.4572,0.3763,
20171023,六龙争霸3D,10003901-三星,2,133,4,1596,399,12,0.0301,0.5,0.5,0,
20171023,保卫萝卜3,10003901-三星,248,3284,23,497.7,21.63913043,0.15155298,0.007,0.4839,0.3911,0.2298,
20171023,穿越火线-枪战王者,10003901-三星,1044,43454,365,23967,65.6630137,0.55154876,0.0084,0.4531,0.34,0.2749,
20171023,全民超神-周年庆,10003901-三星,100,662,2,19,9.5,0.02870091,0.003,0.26,0.12,0.02,
20171023,御龙在天手游,10003901-三星,15,643,51,7354.95,144.2147059,11.43849145,0.0793,0.7333,0.6,0.2,
20171023,英雄战歌,10003901-三星,6,33,0,0,-,0,0,0.6667,0.3333,0,
20171023,封神英雄榜,10003901-三星,5,74,4,128.3,32.075,1.73378378,0.0541,0.2,0.2,0,递延
20171023,猎鱼达人,10003901-三星,13,148,3,212.8,70.93333333,1.43783784,0.0203,0.3846,0.1538,0,
20171023,仙剑奇侠传online,10003901-三星,0,0,0,0,-,-,-,-,-,-,
20171023,轩辕传奇,10003901-三星,47,690,129,18134.05,140.574031,26.28123188,0.187,0.4043,0.2766,0.1489,
20171023,弹弹堂,10003901-三星,73,789,41,3809.85,92.92317073,4.82870722,0.052,0.3836,0.2877,0.1781,
20171023,梦幻诛仙,10003901-三星,0,0,0,0,-,-,-,-,-,-,
20171023,天龙八部,10003901-三星,104,1937,431,77900,180.7424594,40.21683015,0.2225,0.4423,0.2885,0.2212,
20171023,龙之谷,10003901-三星,73,977,116,3732.15,32.1737069,3.82001024,0.1187,0.411,0.3151,0.137,
20171023,寻仙,10003901-三星,62,516,48,4247.1,88.48125,8.23081395,0.093,0.4516,0.3387,0.2258,
20171023,乱世王者,10003901-三星,144,3272,387,32168.15,83.12183463,9.83134169,0.1183,0.4653,0.3681,0.2361,
20171023,魔法门之英雄无敌：战争纪元,10003901-三星,0,0,0,0,-,-,-,-,-,-,
20171023,街头篮球,10003901-三星,204,2334,40,7331.69,183.29225,3.14125536,0.0171,0.4951,0.4118,0.1863,
20171023,欢乐球吃球,10003901-三星,0,0,0,0,-,-,-,-,-,-,
20171023,御史大冒险,10003901-三星,0,0,0,0,-,-,-,-,-,-,
20171023,三国群英传-霸王之业,10003901-三星,39,493,43,10456,243.1627907,21.20892495,0.0872,0.4615,0.359,0.2821,
20171023,饭局狼人杀,10003901-三星,165,2251,10,327.75,32.775,0.14560195,0.0044,0.5273,0.3455,0.2061,
20171023,卡片怪兽,10003901-三星,0,0,0,0,-,-,-,-,-,-,
20171022,全民突击,10003901-三星,3,513,15,330.61,22.04066667,0.64446394,0.0292,0,0,0,
20171022,战斗吧剑灵,10003901-三星,0,17,1,28.5,28.5,1.67647059,0.0588,-,-,-,递延
20171022,火影忍者-疾风传,10003901-三星,689,12874,497,57430.01,115.55334,4.46092978,0.0386,0.3062,0.2453,0.2032,
20171022,天天酷跑3D,10003901-三星,273,849,2,13.3,6.65,0.01566549,0.0024,0.1538,0.0916,0.1136,递延
20171022,全民枪王,10003901-三星,0,230,1,5.7,5.7,0.02478261,0.0043,-,-,-,递延
20171022,魂斗罗：归来,10003901-三星,949,11779,348,42905.5,123.2916667,3.64254181,0.0295,0.3488,0.255,0.1749,
20171022,全民斗战神,10003901-三星,17,182,8,92.2,11.525,0.50659341,0.044,0.2941,0.3529,0.0588,
20171022,王者荣耀,10003901-三星,9433,832547,9045,328389.69,36.30621227,0.39443982,0.0109,0.3126,0.2808,0.3388,
20171022,六龙争霸3D,10003901-三星,5,130,3,1117.2,372.4,8.59384615,0.0231,0.4,0,0.2,
20171022,保卫萝卜3,10003901-三星,404,3763,24,343,14.29166667,0.09115068,0.0064,0.3515,0.2896,0.2252,
20171022,穿越火线-枪战王者,10003901-三星,2352,59143,592,36174.26,61.10516892,0.6116406,0.01,0.3686,0.2653,0.2917,
20171022,全民超神-周年庆,10003901-三星,127,827,6,160.9,26.81666667,0.19455865,0.0073,0.2283,0.126,0.1181,
20171022,御龙在天手游,10003901-三星,20,633,57,14527.9,254.8754386,22.95086888,0.09,0.45,0.3,0.2,
20171022,英雄战歌,10003901-三星,10,56,0,0,-,0,0,0,0.2,0.2,
20171022,封神英雄榜,10003901-三星,3,79,5,149.2,29.84,1.88860759,0.0633,0.3333,0.3333,0.6667,递延
20171022,猎鱼达人,10003901-三星,19,175,1,570,570,3.25714286,0.0057,0.2105,0.1579,0.1579,
20171022,仙剑奇侠传online,10003901-三星,0,0,0,0,-,-,-,-,-,-,
20171022,轩辕传奇,10003901-三星,43,702,137,18361.11,134.0227007,26.15542735,0.1952,0.4884,0.5349,0.1628,
20171022,弹弹堂,10003901-三星,113,1029,45,3064.8,68.10666667,2.97842566,0.0437,0.2389,0.177,0.2035,
20171022,梦幻诛仙,10003901-三星,0,0,0,0,-,-,-,-,-,-,
20171022,天龙八部,10003901-三星,140,1967,444,37890.9,85.33986486,19.26329436,0.2257,0.4,0.3286,0.2429,
20171022,龙之谷,10003901-三星,117,1069,112,3513.2,31.36785714,3.28643592,0.1048,0.4274,0.2564,0.1453,
20171022,寻仙,10003901-三星,61,532,49,4364.05,89.0622449,8.2031015,0.0921,0.459,0.3443,0.2131,
20171022,乱世王者,10003901-三星,196,3380,317,34121.67,107.6393375,10.09516864,0.0938,0.4184,0.3367,0.3061,
20171022,魔法门之英雄无敌：战争纪元,10003901-三星,0,0,0,0,-,-,-,-,-,-,
20171022,街头篮球,10003901-三星,395,2868,49,6905.58,140.9302041,2.40780335,0.0171,0.3063,0.2329,0.1873,
20171022,欢乐球吃球,10003901-三星,0,0,0,0,-,-,-,-,-,-,
20171022,御史大冒险,10003901-三星,0,0,0,0,-,-,-,-,-,-,
20171022,三国群英传-霸王之业,10003901-三星,41,532,45,14553.1,323.4022222,27.35545113,0.0846,0.3171,0.1951,0.0976,
20171022,饭局狼人杀,10003901-三星,301,2833,10,294.5,29.45,0.10395341,0.0035,0.3522,0.2425,0.196,
20171022,卡片怪兽,10003901-三星,0,0,0,0,-,-,-,-,-,-,
20171021,全民突击,10003901-三星,1,483,19,505.16,26.58736842,1.04587992,0.0393,0,0,0,
20171021,战斗吧剑灵,10003901-三星,0,16,0,0,-,0,0,-,-,-,递延
20171021,火影忍者-疾风传,10003901-三星,861,13217,533,72777.98,136.5440525,5.50639177,0.0403,0.4309,0.2067,0.1638,
20171021,天天酷跑3D,10003901-三星,317,903,4,448.5,112.125,0.49667774,0.0044,0.224,0.0789,0.0662,递延
20171021,全民枪王,10003901-三星,0,252,4,29.45,7.3625,0.11686508,0.0159,-,-,-,递延
20171021,魂斗罗：归来,10003901-三星,1015,11918,417,56747.7,136.0856115,4.761512,0.035,0.4404,0.2365,0.1764,
20171021,全民斗战神,10003901-三星,10,184,22,753.95,34.27045455,4.09755435,0.1196,0.6,0.3,0.4,
20171021,王者荣耀,10003901-三星,11823,853235,10565,395529.63,37.43773119,0.4635647,0.0124,0.5066,0.2263,0.2572,
20171021,六龙争霸3D,10003901-三星,2,137,5,1193.2,238.64,8.70948905,0.0365,1,0.5,0,
20171021,保卫萝卜3,10003901-三星,424,3739,15,281.8,18.78666667,0.07536775,0.004,0.4764,0.2547,0.2123,
20171021,穿越火线-枪战王者,10003901-三星,2602,60104,802,50676.66,63.18785536,0.84314954,0.0133,0.5088,0.2283,0.2168,
20171021,全民超神-周年庆,10003901-三星,135,865,3,41.8,13.93333333,0.0483237,0.0035,0.3481,0.1704,0.0889,
20171021,御龙在天手游,10003901-三星,29,639,64,7466.1,116.6578125,11.68403756,0.1002,0.5172,0.3103,0.1379,
20171021,英雄战歌,10003901-三星,12,49,0,0,-,0,0,0.5,0.3333,0.0833,
20171021,封神英雄榜,10003901-三星,12,82,5,164,32.8,2,0.061,0.4167,0.3333,0.3333,递延
20171021,猎鱼达人,10003901-三星,25,184,6,135.2,22.53333333,0.73478261,0.0326,0.24,0.16,0.16,
20171021,仙剑奇侠传online,10003901-三星,0,0,0,0,-,-,-,-,-,-,
20171021,轩辕传奇,10003901-三星,45,703,134,31189.5,232.7574627,44.36628734,0.1906,0.5333,0.3778,0.1778,
20171021,弹弹堂,10003901-三星,145,1047,35,2252.9,64.36857143,2.15176695,0.0334,0.3517,0.1517,0.1172,
20171021,梦幻诛仙,10003901-三星,0,0,0,0,-,-,-,-,-,-,
20171021,天龙八部,10003901-三星,112,1974,492,44458.7,90.36321138,22.52213779,0.2492,0.4196,0.2589,0.1696,
20171021,龙之谷,10003901-三星,143,1051,137,8144.3,59.44744526,7.7490961,0.1304,0.4965,0.2937,0.1818,
20171021,寻仙,10003901-三星,60,508,61,9548.9,156.5393443,18.79704724,0.1201,0.55,0.3,0.1667,
20171021,乱世王者,10003901-三星,197,3421,322,50933.25,158.177795,14.88840982,0.0941,0.4213,0.3046,0.2132,
20171021,魔法门之英雄无敌：战争纪元,10003901-三星,0,0,0,0,-,-,-,-,-,-,
20171021,街头篮球,10003901-三星,476,2940,46,5838.11,126.9154348,1.9857517,0.0156,0.4811,0.2017,0.1366,
20171021,欢乐球吃球,10003901-三星,0,0,0,0,-,-,-,-,-,-,
20171021,御史大冒险,10003901-三星,0,0,0,0,-,-,-,-,-,-,
20171021,三国群英传-霸王之业,10003901-三星,45,533,37,10136.9,273.9702703,19.01857411,0.0694,0.4667,0.2444,0.1778,
20171021,饭局狼人杀,10003901-三星,350,2919,9,384.75,42.75,0.13180884,0.0031,0.42,0.2057,0.1371,
20171021,卡片怪兽,10003901-三星,0,0,0,0,-,-,-,-,-,-,
20171020,全民突击,10003901-三星,1,478,20,1474.81,73.7405,3.08537657,0.0418,1,0,0,
20171020,战斗吧剑灵,10003901-三星,0,17,0,0,-,0,0,-,-,-,递延
20171020,火影忍者-疾风传,10003901-三星,491,11644,551,143548.92,260.5243557,12.32814497,0.0473,0.4949,0.3055,0.1792,
20171020,天天酷跑3D,10003901-三星,211,687,8,297.5,37.1875,0.43304221,0.0116,0.2559,0.1754,0.0521,递延
20171020,全民枪王,10003901-三星,0,200,1,19,19,0.095,0.005,-,-,-,递延
20171020,魂斗罗：归来,10003901-三星,805,11165,324,47032.95,145.1634259,4.21253471,0.029,0.4422,0.2745,0.1677,
20171020,全民斗战神,10003901-三星,12,187,19,1193.65,62.82368421,6.38315508,0.1016,0.4167,0.3333,0.25,
20171020,王者荣耀,10003901-三星,7098,785087,18426,527613.29,28.63417399,0.67204436,0.0235,0.5454,0.4155,0.2589,
20171020,六龙争霸3D,10003901-三星,1,132,10,3339.25,333.925,25.29734848,0.0758,0,0,0,
20171020,保卫萝卜3,10003901-三星,298,3467,27,451.3,16.71481481,0.13017018,0.0078,0.4631,0.3758,0.2148,
20171020,穿越火线-枪战王者,10003901-三星,1497,49445,585,40090.75,68.53119658,0.81081505,0.0118,0.5471,0.4008,0.1971,
20171020,全民超神-周年庆,10003901-三星,81,674,3,97.85,32.61666667,0.14517804,0.0045,0.5062,0.1975,0.0741,
20171020,御龙在天手游,10003901-三星,19,590,83,13669.55,164.6933735,23.16872881,0.1407,0.4211,0.4211,0.2105,
20171020,英雄战歌,10003901-三星,4,39,0,0,-,0,0,0.5,0,0,
20171020,封神英雄榜,10003901-三星,8,85,6,208.65,34.775,2.45470588,0.0706,0.375,0.375,0.125,递延
20171020,猎鱼达人,10003901-三星,12,172,5,165.3,33.06,0.96104651,0.0291,0.25,0.0833,0.0833,
20171020,仙剑奇侠传online,10003901-三星,0,0,0,0,-,-,-,-,-,-,
20171020,轩辕传奇,10003901-三星,43,683,132,13327.67,100.967197,19.51342606,0.1933,0.4186,0.2558,0.2093,
20171020,弹弹堂,10003901-三星,80,889,46,2334.55,50.75108696,2.62604049,0.0517,0.475,0.3,0.15,
20171020,梦幻诛仙,10003901-三星,0,0,0,0,-,-,-,-,-,-,
20171020,天龙八部,10003901-三星,156,2038,830,55828.15,67.26283133,27.39359666,0.4073,0.4167,0.2885,0.1218,
20171020,龙之谷,10003901-三星,70,984,126,6010.55,47.70277778,6.10828252,0.128,0.4714,0.3571,0.1714,
20171020,寻仙,10003901-三星,60,527,44,5133.85,116.6784091,9.74165085,0.0835,0.45,0.2667,0.2,
20171020,乱世王者,10003901-三星,213,3397,317,38561.8,121.6460568,11.35172211,0.0933,0.446,0.338,0.2254,
20171020,魔法门之英雄无敌：战争纪元,10003901-三星,0,0,0,0,-,-,-,-,-,-,
20171020,街头篮球,10003901-三星,281,2545,57,6661.86,116.8747368,2.61762672,0.0224,0.452,0.3132,0.153,
20171020,欢乐球吃球,10003901-三星,0,0,0,0,-,-,-,-,-,-,
20171020,御史大冒险,10003901-三星,0,0,0,0,-,-,-,-,-,-,
20171020,三国群英传-霸王之业,10003901-三星,44,512,44,12302.25,279.5965909,24.02783203,0.0859,0.5227,0.4773,0.3182,
20171020,饭局狼人杀,10003901-三星,251,2610,9,247,27.44444444,0.09463602,0.0034,0.4701,0.2669,0.1594,
20171020,卡片怪兽,10003901-三星,0,0,0,0,-,-,-,-,-,-,
20171019,全民突击,10003901-三星,0,456,17,424.4,24.96470588,0.93070175,0.0373,-,-,-,
20171019,战斗吧剑灵,10003901-三星,0,21,1,93.1,93.1,4.43333333,0.0476,-,-,-,递延
20171019,火影忍者-疾风传,10003901-三星,278,10538,285,22999.42,80.6997193,2.1825223,0.027,0.446,0.2986,0.2014,
20171019,天天酷跑3D,10003901-三星,139,547,2,7.7,3.85,0.01407678,0.0037,0.2518,0.1799,0.0935,递延
20171019,全民枪王,10003901-三星,0,167,0,0,-,0,0,-,-,-,递延
20171019,魂斗罗：归来,10003901-三星,773,10532,291,40085.2,137.7498282,3.80603874,0.0276,0.4023,0.2743,0.1514,
20171019,全民斗战神,10003901-三星,12,172,12,473.1,39.425,2.7505814,0.0698,0.5,0.25,0.1667,
20171019,王者荣耀,10003901-三星,5327,726203,5551,256514.45,46.2104936,0.35322692,0.0076,0.5343,0.4522,0.3186,
20171019,六龙争霸3D,10003901-三星,4,140,7,2789.2,398.4571429,19.92285714,0.05,0.5,0.5,0.5,
20171019,保卫萝卜3,10003901-三星,233,3279,17,256.6,15.09411765,0.07825557,0.0052,0.4635,0.3433,0.1845,
20171019,穿越火线-枪战王者,10003901-三星,1153,41381,455,35972.3,79.06,0.86929509,0.011,0.51,0.4085,0.248,
20171019,全民超神-周年庆,10003901-三星,55,593,4,31.35,7.8375,0.05286678,0.0067,0.2727,0.2,0.0727,
20171019,御龙在天手游,10003901-三星,20,649,60,5488.55,91.47583333,8.45693374,0.0924,0.4,0.4,0.3,
20171019,英雄战歌,10003901-三星,7,41,0,0,-,0,0,0,0.1429,0,
20171019,封神英雄榜,10003901-三星,8,81,5,614.3,122.86,7.58395062,0.0617,0.375,0.25,0,递延
20171019,猎鱼达人,10003901-三星,12,162,4,96.9,24.225,0.59814815,0.0247,0.3333,0,0.1667,
20171019,仙剑奇侠传online,10003901-三星,0,0,0,0,-,-,-,-,-,-,
20171019,轩辕传奇,10003901-三星,54,700,160,31265,195.40625,44.66428571,0.2286,0.463,0.3704,0.2037,
20171019,弹弹堂,10003901-三星,56,803,32,1016.95,31.7796875,1.26643836,0.0399,0.2857,0.1786,0.1429,
20171019,梦幻诛仙,10003901-三星,0,0,0,0,-,-,-,-,-,-,
20171019,天龙八部,10003901-三星,171,2032,395,56224.1,142.3394937,27.66934055,0.1944,0.386,0.2632,0.1637,
20171019,龙之谷,10003901-三星,107,1009,114,3432.5,30.10964912,3.40188305,0.113,0.4486,0.3084,0.1869,
20171019,寻仙,10003901-三星,46,514,61,13225.45,216.8106557,25.73044747,0.1187,0.4565,0.2826,0.2174,
20171019,乱世王者,10003901-三星,232,3359,343,60680.8,176.9119534,18.06513843,0.1021,0.4267,0.3578,0.2586,
20171019,魔法门之英雄无敌：战争纪元,10003901-三星,0,0,0,0,-,-,-,-,-,-,
20171019,街头篮球,10003901-三星,211,2275,35,4378,125.0857143,1.9243956,0.0154,0.4692,0.3128,0.1943,
20171019,欢乐球吃球,10003901-三星,0,0,0,0,-,-,-,-,-,-,
20171019,御史大冒险,10003901-三星,0,0,0,0,-,-,-,-,-,-,
20171019,三国群英传-霸王之业,10003901-三星,28,488,37,4528.65,122.395946,9.28002049,0.0758,0.4286,0.3929,0.2857,
20171019,饭局狼人杀,10003901-三星,176,2401,10,370.5,37.05,0.1543107,0.0042,0.5114,0.358,0.2273,
20171019,卡片怪兽,10003901-三星,0,0,0,0,-,-,-,-,-,-,
20171018,全民突击,10003901-三星,2,461,8,137.4,17.175,0.29804772,0.0174,0.5,1,1,
20171018,战斗吧剑灵,10003901-三星,0,16,0,0,-,0,0,-,-,-,递延
20171018,火影忍者-疾风传,10003901-三星,368,10639,348,23965.58,68.8666092,2.25261585,0.0327,0.4592,0.3832,0.2174,
20171018,天天酷跑3D,10003901-三星,152,555,4,18.05,4.5125,0.03252252,0.0072,0.2368,0.1645,0.0461,递延
20171018,全民枪王,10003901-三星,0,167,0,0,-,0,0,-,-,-,递延
20171018,魂斗罗：归来,10003901-三星,737,10546,307,41367.75,134.7483713,3.92260099,0.0291,0.4179,0.3121,0.171,
20171018,全民斗战神,10003901-三星,10,163,10,183.35,18.335,1.12484663,0.0613,0.6,0.3,0.1,
20171018,王者荣耀,10003901-三星,5187,718400,5560,256293.22,46.09590288,0.3567556,0.0077,0.5352,0.4488,0.3168,
20171018,六龙争霸3D,10003901-三星,4,137,12,1768.9,147.4083333,12.91167883,0.0876,0.25,0.25,0.25,
20171018,保卫萝卜3,10003901-三星,265,3329,20,346.35,17.3175,0.10404025,0.006,0.483,0.3811,0.2528,
20171018,穿越火线-枪战王者,10003901-三星,1176,41052,475,32238.2,67.86989474,0.78530157,0.0116,0.4983,0.3878,0.2389,
20171018,全民超神-周年庆,10003901-三星,50,584,3,19.95,6.65,0.03416096,0.0051,0.3,0.14,0.04,
20171018,御龙在天手游,10003901-三星,23,668,50,4930.25,98.605,7.38061377,0.0749,0.3478,0.1304,0.087,
20171018,英雄战歌,10003901-三星,4,39,0,0,-,0,0,0.5,0,0,
20171018,封神英雄榜,10003901-三星,3,66,4,157.9,39.475,2.39242424,0.0606,0.6667,0,0,递延
20171018,猎鱼达人,10003901-三星,15,179,5,583.3,116.66,3.25865922,0.0279,0.2,0.3333,0.1333,
20171018,仙剑奇侠传online,10003901-三星,0,0,0,0,-,-,-,-,-,-,
20171018,轩辕传奇,10003901-三星,52,668,146,31442.73,215.3611644,47.06995509,0.2186,0.5769,0.4038,0.2885,
20171018,弹弹堂,10003901-三星,74,811,33,1185.3,35.91818182,1.46152898,0.0407,0.3378,0.2568,0.0946,
20171018,梦幻诛仙,10003901-三星,0,0,0,0,-,-,-,-,-,-,
20171018,天龙八部,10003901-三星,190,2013,457,90222.45,197.4233042,44.81989568,0.227,0.4158,0.3211,0.2211,
20171018,龙之谷,10003901-三星,88,1000,116,5190.75,44.74784483,5.19075,0.116,0.5227,0.3864,0.1818,
20171018,寻仙,10003901-三星,58,499,42,8860,210.952381,17.75551102,0.0842,0.6207,0.431,0.3621,
20171018,乱世王者,10003901-三星,280,3369,378,82196.62,217.4513757,24.39792817,0.1122,0.3964,0.2893,0.2464,
20171018,魔法门之英雄无敌：战争纪元,10003901-三星,0,0,0,0,-,-,-,-,-,-,
20171018,街头篮球,10003901-三星,197,2226,32,2683.6,83.8625,1.20557053,0.0144,0.4721,0.2792,0.1777,
20171018,欢乐球吃球,10003901-三星,0,0,0,0,-,-,-,-,-,-,
20171018,御史大冒险,10003901-三星,0,0,0,0,-,-,-,-,-,-,
20171018,三国群英传-霸王之业,10003901-三星,50,516,47,9557.1,203.3425532,18.52151163,0.0911,0.36,0.28,0.16,
20171018,饭局狼人杀,10003901-三星,178,2460,9,380,42.22222222,0.15447154,0.0037,0.4831,0.3258,0.191,
20171018,卡片怪兽,10003901-三星,0,0,0,0,-,-,-,-,-,-,
20171017,全民突击,10003901-三星,2,464,9,139.15,15.46111111,0.29989224,0.0194,0,0,0,
20171017,战斗吧剑灵,10003901-三星,0,19,0,0,-,0,0,-,-,-,递延
20171017,火影忍者-疾风传,10003901-三星,453,10829,333,20709.99,62.19216216,1.91245637,0.0308,0.415,0.3267,0.1943,
20171017,天天酷跑3D,10003901-三星,149,557,2,195.7,97.85,0.3513465,0.0036,0.1477,0.1074,0.0604,递延
20171017,全民枪王,10003901-三星,0,200,1,6.65,6.65,0.03325,0.005,-,-,-,递延
20171017,魂斗罗：归来,10003901-三星,619,10554,347,37691.25,108.620317,3.57127629,0.0329,0.3974,0.2714,0.1567,
20171017,全民斗战神,10003901-三星,15,164,4,118.75,29.6875,0.72408537,0.0244,0.5333,0.2667,0.2,
20171017,王者荣耀,10003901-三星,5216,719139,5609,261144.08,46.558046,0.36313436,0.0078,0.538,0.4337,0.3127,
20171017,六龙争霸3D,10003901-三星,4,138,4,1594.1,398.525,11.55144928,0.029,0.25,0,0,
20171017,保卫萝卜3,10003901-三星,238,3230,18,384.15,21.34166667,0.11893189,0.0056,0.479,0.3697,0.2269,
20171017,穿越火线-枪战王者,10003901-三星,1209,41246,511,37636.35,73.65234834,0.91248485,0.0124,0.4715,0.3615,0.2473,
20171017,全民超神-周年庆,10003901-三星,44,603,3,20.9,6.96666667,0.03466003,0.005,0.3636,0.1364,0.0455,
20171017,御龙在天手游,10003901-三星,23,661,63,9925.25,157.5436508,15.01550681,0.0953,0.3478,0.2609,0.1739,
20171017,英雄战歌,10003901-三星,4,36,1,5.7,5.7,0.15833333,0.0278,0,0,0,
20171017,封神英雄榜,10003901-三星,4,79,2,191.95,95.975,2.42974684,0.0253,0.25,0.25,0,递延
20171017,猎鱼达人,10003901-三星,12,180,5,66.8,13.36,0.37111111,0.0278,0.3333,0.3333,0.0833,
20171017,仙剑奇侠传online,10003901-三星,0,0,0,0,-,-,-,-,-,-,
20171017,轩辕传奇,10003901-三星,44,700,126,31494.76,249.9584127,44.99251429,0.18,0.5,0.4545,0.1818,
20171017,弹弹堂,10003901-三星,84,846,37,812.15,21.95,0.95998818,0.0437,0.3333,0.2976,0.2143,
20171017,梦幻诛仙,10003901-三星,0,0,0,0,-,-,-,-,-,-,
20171017,天龙八部,10003901-三星,187,1982,389,50449.45,129.6901028,25.45380928,0.1963,0.3957,0.2995,0.1711,
20171017,龙之谷,10003901-三星,88,1004,111,2764.55,24.90585586,2.75353586,0.1106,0.4773,0.2841,0.1477,
20171017,寻仙,10003901-三星,64,501,41,8206.1,200.1487805,16.37944112,0.0818,0.3594,0.3125,0.25,
20171017,乱世王者,10003901-三星,325,3378,398,25166.45,63.23228643,7.45010361,0.1178,0.44,0.2954,0.24,
20171017,魔法门之英雄无敌：战争纪元,10003901-三星,0,0,0,0,-,-,-,-,-,-,
20171017,街头篮球,10003901-三星,191,2303,31,3368.8,108.6709677,1.46278767,0.0135,0.445,0.3246,0.1728,
20171017,欢乐球吃球,10003901-三星,0,0,0,0,-,-,-,-,-,-,
20171017,御史大冒险,10003901-三星,0,0,0,0,-,-,-,-,-,-,
20171017,三国群英传-霸王之业,10003901-三星,44,516,50,12424.15,248.483,24.07781008,0.0969,0.5,0.3409,0.3182,
20171017,饭局狼人杀,10003901-三星,198,2535,9,698.25,77.58333333,0.27544379,0.0036,0.4949,0.3434,0.197,
20171017,卡片怪兽,10003901-三星,0,0,0,0,-,-,-,-,-,-,
20171016,全民突击,10003901-三星,5,483,7,91.2,13.02857143,0.18881988,0.0145,0.2,0.2,0.2,
20171016,战斗吧剑灵,10003901-三星,0,17,0,0,-,0,0,-,-,-,递延
20171016,火影忍者-疾风传,10003901-三星,451,10817,350,33014.39,94.32682857,3.05208376,0.0324,0.4279,0.3149,0.1907,
20171016,天天酷跑3D,10003901-三星,146,563,1,5.7,5.7,0.01012433,0.0018,0.1918,0.1438,0.0753,递延
20171016,全民枪王,10003901-三星,0,190,1,24.7,24.7,0.13,0.0053,-,-,-,递延
20171016,魂斗罗：归来,10003901-三星,657,10579,496,38672.6,77.96895161,3.65560072,0.0469,0.4536,0.2907,0.204,
20171016,全民斗战神,10003901-三星,10,174,13,228.95,17.61153846,1.3158046,0.0747,0.2,0.2,0.1,
20171016,王者荣耀,10003901-三星,5207,719747,6058,276528.9,45.64689667,0.38420292,0.0084,0.5354,0.4411,0.3568,
20171016,六龙争霸3D,10003901-三星,0,137,7,1966.65,280.95,14.35510949,0.0511,-,-,-,
20171016,保卫萝卜3,10003901-三星,211,3232,17,157.8,9.28235294,0.04882426,0.0053,0.4834,0.3839,0.2464,
20171016,穿越火线-枪战王者,10003901-三星,1272,41243,487,39651.84,81.42061602,0.96141988,0.0118,0.4686,0.3514,0.2728,
20171016,全民超神-周年庆,10003901-三星,55,611,5,60.8,12.16,0.099509,0.0082,0.4364,0.1818,0.1091,
20171016,御龙在天手游,10003901-三星,18,648,56,3798.95,67.83839286,5.86257716,0.0864,0.4444,0.2778,0.1667,
20171016,英雄战歌,10003901-三星,9,42,0,0,-,0,0,0.2222,0.1111,0,
20171016,封神英雄榜,10003901-三星,7,82,6,88.4,14.73333333,1.07804878,0.0732,0.5714,0.1429,0.1429,递延
20171016,猎鱼达人,10003901-三星,14,193,1,11.4,11.4,0.05906736,0.0052,0.1429,0.1429,0.0714,
20171016,仙剑奇侠传online,10003901-三星,0,0,0,0,-,-,-,-,-,-,
20171016,轩辕传奇,10003901-三星,63,722,129,32201.1,249.6209302,44.5998615,0.1787,0.3968,0.2857,0.2222,
20171016,弹弹堂,10003901-三星,68,844,42,902.2,21.48095238,1.06895735,0.0498,0.4118,0.3529,0.1765,
20171016,梦幻诛仙,10003901-三星,0,0,0,0,-,-,-,-,-,-,
20171016,天龙八部,10003901-三星,180,1961,388,57250.9,147.553866,29.19474758,0.1979,0.4,0.2667,0.1944,
20171016,龙之谷,10003901-三星,103,1020,109,8578.95,78.7059633,8.41073529,0.1069,0.4854,0.2718,0.1942,
20171016,寻仙,10003901-三星,59,494,34,941.6,27.69411765,1.90607287,0.0688,0.4407,0.322,0.2373,
20171016,乱世王者,10003901-三星,374,3341,430,28113.65,65.3805814,8.4147411,0.1287,0.4225,0.3529,0.254,
20171016,魔法门之英雄无敌：战争纪元,10003901-三星,0,0,0,0,-,-,-,-,-,-,
20171016,街头篮球,10003901-三星,162,2296,39,2782.15,71.33717949,1.2117378,0.017,0.4691,0.3272,0.179,
20171016,欢乐球吃球,10003901-三星,0,0,0,0,-,-,-,-,-,-,
20171016,御史大冒险,10003901-三星,0,0,0,0,-,-,-,-,-,-,
20171016,三国群英传-霸王之业,10003901-三星,40,500,39,7997.3,205.0589744,15.9946,0.078,0.475,0.25,0.225,
20171016,饭局狼人杀,10003901-三星,205,2521,8,271,33.875,0.10749702,0.0032,0.4878,0.3171,0.1756,
20171016,卡片怪兽,10003901-三星,0,0,0,0,-,-,-,-,-,-,
20171015,全民突击,10003901-三星,5,516,7,591.85,84.55,1.14699612,0.0136,0.4,0.4,0.4,
20171015,战斗吧剑灵,10003901-三星,0,16,0,0,-,0,0,-,-,-,递延
20171015,火影忍者-疾风传,10003901-三星,758,12552,552,25731.69,46.61538043,2.05000717,0.044,0.2982,0.2045,0.2084,
20171015,天天酷跑3D,10003901-三星,281,860,0,0,-,0,0,0.1388,0.0996,0.0961,递延
20171015,全民枪王,10003901-三星,0,258,2,24.7,12.35,0.09573643,0.0078,-,-,-,递延
20171015,魂斗罗：归来,10003901-三星,908,11899,336,42656.7,126.9544643,3.58489789,0.0282,0.337,0.2632,0.2357,
20171015,全民斗战神,10003901-三星,16,190,12,278.35,23.19583333,1.465,0.0632,0.4375,0.1875,0.1875,
20171015,王者荣耀,10003901-三星,8894,824863,7482,325187.13,43.46259423,0.39423168,0.0091,0.4157,0.3379,0.3493,
20171015,六龙争霸3D,10003901-三星,2,148,11,1852.5,168.4090909,12.51689189,0.0743,0.5,0,0,
20171015,保卫萝卜3,10003901-三星,349,3632,23,463.65,20.15869565,0.12765694,0.0063,0.3524,0.255,0.1977,
20171015,穿越火线-枪战王者,10003901-三星,2378,55115,697,50355.1,72.24548063,0.91363694,0.0126,0.3322,0.2519,0.2771,
20171015,全民超神-周年庆,10003901-三星,135,836,3,30.5,10.16666667,0.03648325,0.0036,0.2222,0.1333,0.1037,
20171015,御龙在天手游,10003901-三星,30,681,68,4373.9,64.32205882,6.42276065,0.0999,0.6,0.4667,0.2667,
20171015,英雄战歌,10003901-三星,6,47,1,26.6,26.6,0.56595745,0.0213,0,0,0,
20171015,封神英雄榜,10003901-三星,11,87,2,60.95,30.475,0.70057471,0.023,0.0909,0.0909,0.0909,递延
20171015,猎鱼达人,10003901-三星,23,207,2,117.8,58.9,0.56908213,0.0097,0.1739,0.0435,0.087,
20171015,仙剑奇侠传online,10003901-三星,0,0,0,0,-,-,-,-,-,-,
20171015,轩辕传奇,10003901-三星,48,728,138,25550.35,185.1474638,35.09663462,0.1896,0.4583,0.3958,0.2083,
20171015,弹弹堂,10003901-三星,122,1034,51,4441.9,87.09607843,4.29584139,0.0493,0.2705,0.1803,0.1639,
20171015,梦幻诛仙,10003901-三星,0,0,0,0,-,-,-,-,-,-,
20171015,天龙八部,10003901-三星,193,2037,407,60142.5,147.7702703,29.52503682,0.1998,0.3679,0.2642,0.1606,
20171015,龙之谷,10003901-三星,117,1075,128,9212.9,71.97578125,8.57013953,0.1191,0.4188,0.2821,0.1795,
20171015,寻仙,10003901-三星,57,495,56,5394.85,96.33660714,10.89868687,0.1131,0.5088,0.2807,0.1579,
20171015,乱世王者,10003901-三星,384,3427,336,33725.23,100.3727083,9.84103589,0.098,0.401,0.3203,0.2344,
20171015,魔法门之英雄无敌：战争纪元,10003901-三星,0,0,0,0,-,-,-,-,-,-,
20171015,街头篮球,10003901-三星,360,2941,38,3166.2,83.32105263,1.07657259,0.0129,0.3194,0.2139,0.1528,
20171015,欢乐球吃球,10003901-三星,0,0,0,0,-,-,-,-,-,-,
20171015,御史大冒险,10003901-三星,0,0,0,0,-,-,-,-,-,-,
20171015,三国群英传-霸王之业,10003901-三星,63,546,52,11304.8,217.4,20.7047619,0.0952,0.3016,0.2381,0.1905,
20171015,饭局狼人杀,10003901-三星,386,3110,7,313.5,44.78571429,0.10080386,0.0023,0.3705,0.2694,0.1917,
20171015,卡片怪兽,10003901-三星,0,0,0,0,-,-,-,-,-,-,
20171014,全民突击,10003901-三星,3,506,15,1917.35,127.8233333,3.78922925,0.0296,0.3333,0.3333,0.3333,
20171014,战斗吧剑灵,10003901-三星,0,18,0,0,-,0,0,-,-,-,递延
20171014,火影忍者-疾风传,10003901-三星,858,12818,780,26778.25,34.33108974,2.08911297,0.0609,0.4324,0.211,0.1643,
20171014,天天酷跑3D,10003901-三星,330,863,1,1,1,0.00115875,0.0012,0.2394,0.1121,0.0606,递延
20171014,全民枪王,10003901-三星,0,249,4,115.9,28.975,0.46546185,0.0161,-,-,-,递延
20171014,魂斗罗：归来,10003901-三星,1026,12144,347,49697.25,143.2197406,4.09232955,0.0286,0.3928,0.2378,0.155,
20171014,全民斗战神,10003901-三星,28,201,17,539.6,31.74117647,2.68457711,0.0846,0.6786,0.2857,0.1071,
20171014,王者荣耀,10003901-三星,10785,839346,8034,358921.69,44.67534105,0.42762066,0.0096,0.5198,0.3114,0.294,
20171014,六龙争霸3D,10003901-三星,2,153,11,2839.55,258.1409091,18.55915033,0.0719,1,0.5,0,
20171014,保卫萝卜3,10003901-三星,374,3631,24,285.1,11.87916667,0.07851831,0.0066,0.4813,0.2594,0.2139,
20171014,穿越火线-枪战王者,10003901-三星,2866,56967,768,59273.6,77.17916667,1.04049011,0.0135,0.4574,0.2289,0.2181,
20171014,全民超神-周年庆,10003901-三星,159,863,8,376.85,47.10625,0.43667439,0.0093,0.3145,0.1321,0.0629,
20171014,御龙在天手游,10003901-三星,19,641,57,5451.05,95.63245614,8.50397816,0.0889,0.5263,0.1579,0.0526,
20171014,英雄战歌,10003901-三星,11,50,1,5.7,5.7,0.114,0.02,0.2727,0,0,
20171014,封神英雄榜,10003901-三星,8,84,5,498.9,99.78,5.93928571,0.0595,0.25,0,0,递延
20171014,猎鱼达人,10003901-三星,31,204,14,257.4,18.38571429,1.26176471,0.0686,0.3871,0.2258,0.1935,
20171014,仙剑奇侠传online,10003901-三星,0,0,0,0,-,-,-,-,-,-,
20171014,轩辕传奇,10003901-三星,70,727,132,16045.15,121.5541667,22.07035763,0.1816,0.3857,0.2143,0.1429,
20171014,弹弹堂,10003901-三星,141,1079,48,6776.1,141.16875,6.27998146,0.0445,0.4397,0.1631,0.1348,
20171014,梦幻诛仙,10003901-三星,0,0,0,0,-,-,-,-,-,-,
20171014,天龙八部,10003901-三星,179,2009,372,46815.95,125.849328,23.303111,0.1852,0.3855,0.2346,0.1564,
20171014,龙之谷,10003901-三星,115,1078,120,7699.65,64.16375,7.14253247,0.1113,0.4174,0.2435,0.1391,
20171014,寻仙,10003901-三星,70,517,55,3374.5,61.35454545,6.5270793,0.1064,0.5143,0.3143,0.2857,
20171014,乱世王者,10003901-三星,433,3353,336,34916.58,103.9183929,10.41353415,0.1002,0.3834,0.2194,0.1894,
20171014,魔法门之英雄无敌：战争纪元,10003901-三星,0,0,0,0,-,-,-,-,-,-,
20171014,街头篮球,10003901-三星,400,2985,52,4845.37,93.18019231,1.62323953,0.0174,0.4375,0.2025,0.135,
20171014,欢乐球吃球,10003901-三星,0,0,0,0,-,-,-,-,-,-,
20171014,御史大冒险,10003901-三星,0,0,0,0,-,-,-,-,-,-,
20171014,三国群英传-霸王之业,10003901-三星,42,527,55,20163.45,366.6081818,38.26081594,0.1044,0.4286,0.2619,0.2381,
20171014,饭局狼人杀,10003901-三星,459,3240,11,271,24.63636364,0.08364198,0.0034,0.4314,0.207,0.1699,
20171014,卡片怪兽,10003901-三星,0,0,0,0,-,-,-,-,-,-,
20171013,全民突击,10003901-三星,2,487,11,619,56.27272727,1.27104723,0.0226,0,0,0,
20171013,战斗吧剑灵,10003901-三星,0,21,0,0,-,0,0,-,-,-,递延
20171013,火影忍者-疾风传,10003901-三星,557,11356,1918,37084.22,19.33483837,3.26560585,0.1689,0.4811,0.2837,0.1526,
20171013,天天酷跑3D,10003901-三星,177,637,4,102.6,25.65,0.1610675,0.0063,0.2994,0.1977,0.0678,递延
20171013,全民枪王,10003901-三星,0,225,2,11.4,5.7,0.05066667,0.0089,-,-,-,递延
20171013,魂斗罗：归来,10003901-三星,981,11332,353,53034.15,150.2383853,4.68003442,0.0312,0.422,0.3007,0.1672,
20171013,全民斗战神,10003901-三星,10,161,17,936.05,55.06176471,5.81397516,0.1056,0.5,0.2,0.1,
20171013,王者荣耀,10003901-三星,7028,766224,6498,304123.04,46.80256079,0.3969114,0.0085,0.5731,0.4425,0.3019,
20171013,六龙争霸3D,10003901-三星,2,157,18,3725.9,206.9944444,23.73184713,0.1146,0.5,0,0,
20171013,保卫萝卜3,10003901-三星,252,3285,26,474.4,18.24615385,0.144414,0.0079,0.5198,0.3849,0.2659,
20171013,穿越火线-枪战王者,10003901-三星,1614,47643,606,43012.95,70.97846535,0.90281783,0.0127,0.495,0.3463,0.2007,
20171013,全民超神-周年庆,10003901-三星,91,707,3,111.15,37.05,0.15721358,0.0042,0.4505,0.1978,0.0549,
20171013,御龙在天手游,10003901-三星,22,639,57,14374.6,252.1859649,22.49546166,0.0892,0.3636,0.2273,0.0455,
20171013,英雄战歌,10003901-三星,10,51,1,274.6,274.6,5.38431373,0.0196,0.3,0.3,0.2,
20171013,封神英雄榜,10003901-三星,8,83,3,89.45,29.81666667,1.07771084,0.0361,0.375,0.375,0.25,递延
20171013,猎鱼达人,10003901-三星,18,183,5,171,34.2,0.93442623,0.0273,0.2778,0.1667,0.0556,
20171013,仙剑奇侠传online,10003901-三星,0,0,0,0,-,-,-,-,-,-,
20171013,轩辕传奇,10003901-三星,57,712,140,21720.65,155.1475,30.5065309,0.1966,0.3684,0.3158,0.2632,
20171013,弹弹堂,10003901-三星,77,883,51,3799,74.49019608,4.30237826,0.0578,0.4026,0.2338,0.0779,
20171013,梦幻诛仙,10003901-三星,0,0,0,0,-,-,-,-,-,-,
20171013,天龙八部,10003901-三星,181,1976,364,66770.65,183.4358517,33.79081478,0.1842,0.4309,0.337,0.1878,
20171013,龙之谷,10003901-三星,117,1005,111,3626.2,32.66846847,3.6081592,0.1104,0.5128,0.3504,0.2308,
20171013,寻仙,10003901-三星,46,469,51,5221.65,102.3852941,11.13358209,0.1087,0.4565,0.4348,0.2391,
20171013,乱世王者,10003901-三星,297,3155,313,28073.3,89.69105431,8.89803487,0.0992,0.4343,0.3468,0.2896,
20171013,魔法门之英雄无敌：战争纪元,10003901-三星,0,0,0,0,-,-,-,-,-,-,
20171013,街头篮球,10003901-三星,237,2551,46,7217.8,156.9086957,2.82940024,0.018,0.519,0.3629,0.2025,
20171013,欢乐球吃球,10003901-三星,0,0,0,0,-,-,-,-,-,-,
20171013,御史大冒险,10003901-三星,0,0,0,0,-,-,-,-,-,-,
20171013,三国群英传-霸王之业,10003901-三星,71,544,55,16553.1,300.9654546,30.42849265,0.1011,0.4648,0.3239,0.2535,
20171013,饭局狼人杀,10003901-三星,288,2763,14,503.5,35.96428571,0.18222946,0.0051,0.5,0.3611,0.1701,
20171013,卡片怪兽,10003901-三星,0,0,0,0,-,-,-,-,-,-,
20171012,全民突击,10003901-三星,1,487,11,476.9,43.35454545,0.97926078,0.0226,1,0,0,
20171012,战斗吧剑灵,10003901-三星,0,20,0,0,-,0,0,-,-,-,递延
20171012,火影忍者-疾风传,10003901-三星,308,10500,281,22089.31,78.60964413,2.10374381,0.0268,0.4708,0.3571,0.224,
20171012,天天酷跑3D,10003901-三星,120,489,3,15.2,5.06666667,0.03108384,0.0061,0.2333,0.1833,0.0667,递延
20171012,全民枪王,10003901-三星,0,197,1,95,95,0.4822335,0.0051,-,-,-,递延
20171012,魂斗罗：归来,10003901-三星,1343,11531,398,81539.15,204.8722362,7.07129911,0.0345,0.3775,0.2688,0.1482,
20171012,全民斗战神,10003901-三星,3,154,4,104.5,26.125,0.67857143,0.026,0.3333,0.3333,0,
20171012,王者荣耀,10003901-三星,5664,711949,5617,241912.68,43.06795086,0.33978934,0.0079,0.5339,0.4453,0.3411,
20171012,六龙争霸3D,10003901-三星,4,151,18,9967.4,553.7444444,66.00927152,0.1192,0,0,0,
20171012,保卫萝卜3,10003901-三星,226,3151,26,306.25,11.77884615,0.09719137,0.0083,0.4779,0.3761,0.2212,
20171012,穿越火线-枪战王者,10003901-三星,1292,41730,459,38548.3,83.9832244,0.92375509,0.011,0.4776,0.3584,0.2314,
20171012,全民超神-周年庆,10003901-三星,56,614,3,144.4,48.13333333,0.23517915,0.0049,0.2857,0.1786,0.0893,
20171012,御龙在天手游,10003901-三星,16,657,53,5256.75,99.18396226,8.00114155,0.0807,0.5,0.25,0.125,
20171012,英雄战歌,10003901-三星,3,40,2,290.2,145.1,7.255,0.05,1,0.6667,0.6667,
20171012,封神英雄榜,10003901-三星,4,73,4,298.45,74.6125,4.08835616,0.0548,0.25,0,0,递延
20171012,猎鱼达人,10003901-三星,12,177,4,171,42.75,0.96610169,0.0226,0.4167,0.25,0.0833,
20171012,仙剑奇侠传online,10003901-三星,0,0,0,0,-,-,-,-,-,-,
20171012,轩辕传奇,10003901-三星,47,726,146,23809.95,163.0818493,32.79607438,0.2011,0.383,0.2553,0.1489,
20171012,弹弹堂,10003901-三星,69,845,47,1386.6,29.50212766,1.64094675,0.0556,0.3623,0.3043,0.2174,
20171012,梦幻诛仙,10003901-三星,0,0,0,0,-,-,-,-,-,-,
20171012,天龙八部,10003901-三星,184,1956,355,41688.65,117.4328169,21.31321575,0.1815,0.4293,0.3587,0.2065,
20171012,龙之谷,10003901-三星,69,998,107,3004.55,28.07990654,3.01057114,0.1072,0.5072,0.4058,0.2174,
20171012,寻仙,10003901-三星,48,468,44,5921.15,134.5715909,12.65202991,0.094,0.4375,0.3542,0.2292,
20171012,乱世王者,10003901-三星,214,2925,279,23022.19,82.51681004,7.87083419,0.0954,0.514,0.4112,0.2944,
20171012,魔法门之英雄无敌：战争纪元,10003901-三星,0,0,0,0,-,-,-,-,-,-,
20171012,街头篮球,10003901-三星,195,2357,47,5646.35,120.1351064,2.3955664,0.0199,0.4769,0.3487,0.1795,
20171012,欢乐球吃球,10003901-三星,0,0,0,0,-,-,-,-,-,-,
20171012,御史大冒险,10003901-三星,0,0,0,0,-,-,-,-,-,-,
20171012,三国群英传-霸王之业,10003901-三星,53,509,54,23275.9,431.0351852,45.72868369,0.1061,0.4717,0.3396,0.283,
20171012,饭局狼人杀,10003901-三星,220,2542,12,327.75,27.3125,0.12893391,0.0047,0.4364,0.3591,0.1955,
20171012,卡片怪兽,10003901-三星,0,0,0,0,-,-,-,-,-,-,
20171011,全民突击,10003901-三星,1,471,13,745.75,57.36538462,1.58333333,0.0276,0,0,0,
20171011,战斗吧剑灵,10003901-三星,0,19,0,0,-,0,0,-,-,-,递延
20171011,火影忍者-疾风传,10003901-三星,299,10693,303,22714.16,74.96422442,2.12420836,0.0283,0.4482,0.3378,0.2475,
20171011,天天酷跑3D,10003901-三星,158,512,3,110.2,36.73333333,0.21523438,0.0059,0.2215,0.1772,0.0823,递延
20171011,全民枪王,10003901-三星,0,207,0,0,-,0,0,-,-,-,递延
20171011,魂斗罗：归来,10003901-三星,1260,11622,339,57427.8,169.4035398,4.94130098,0.0292,0.3619,0.2603,0.169,
20171011,全民斗战神,10003901-三星,9,172,15,246.05,16.40333333,1.43052326,0.0872,0.2222,0,0.1111,
20171011,王者荣耀,10003901-三星,5843,717047,6073,266439.09,43.87273012,0.37157828,0.0085,0.546,0.4475,0.3394,
20171011,六龙争霸3D,10003901-三星,1,131,9,6958.75,773.1944444,53.12022901,0.0687,0,0,0,
20171011,保卫萝卜3,10003901-三星,254,3147,25,374.3,14.972,0.11893867,0.0079,0.4921,0.3937,0.1969,
20171011,穿越火线-枪战王者,10003901-三星,1460,42622,399,42467.78,106.4355389,0.99638168,0.0094,0.439,0.3459,0.2336,
20171011,全民超神-周年庆,10003901-三星,57,625,6,225.45,37.575,0.36072,0.0096,0.386,0.2807,0.0877,
20171011,御龙在天手游,10003901-三星,27,653,64,13204.35,206.3179688,20.22105666,0.098,0.3704,0.2593,0.0741,
20171011,英雄战歌,10003901-三星,7,43,0,0,-,0,0,0.4286,0.2857,0,
20171011,封神英雄榜,10003901-三星,4,74,3,205.8,68.6,2.78108108,0.0405,0.5,0.5,0.5,递延
20171011,猎鱼达人,10003901-三星,22,208,4,150.1,37.525,0.72163462,0.0192,0.4091,0.0909,0.2273,
20171011,仙剑奇侠传online,10003901-三星,0,0,0,0,-,-,-,-,-,-,
20171011,轩辕传奇,10003901-三星,54,731,152,19814.8,130.3605263,27.10642955,0.2079,0.537,0.4815,0.2963,
20171011,弹弹堂,10003901-三星,73,830,58,2195.7,37.85689655,2.64542169,0.0699,0.4521,0.3562,0.1644,
20171011,梦幻诛仙,10003901-三星,0,0,0,0,-,-,-,-,-,-,
20171011,天龙八部,10003901-三星,163,1930,358,51375.15,143.5060056,26.6192487,0.1855,0.4724,0.3067,0.2209,
20171011,龙之谷,10003901-三星,113,1023,102,2883.45,28.26911765,2.8186217,0.0997,0.4867,0.3451,0.1504,
20171011,寻仙,10003901-三星,80,521,49,2473.95,50.48877551,4.74846449,0.094,0.5125,0.4,0.275,
20171011,乱世王者,10003901-三星,199,2929,345,36325.6,105.2915942,12.40204848,0.1178,0.4975,0.397,0.3015,
20171011,魔法门之英雄无敌：战争纪元,10003901-三星,0,0,0,0,-,-,-,-,-,-,
20171011,街头篮球,10003901-三星,187,2377,37,3264.43,88.22783784,1.37334034,0.0156,0.4866,0.385,0.2353,
20171011,欢乐球吃球,10003901-三星,0,0,0,0,-,-,-,-,-,-,
20171011,御史大冒险,10003901-三星,0,0,0,0,-,-,-,-,-,-,
20171011,三国群英传-霸王之业,10003901-三星,51,511,53,13438.4,253.554717,26.29823875,0.1037,0.3529,0.2549,0.1961,
20171011,饭局狼人杀,10003901-三星,235,2569,8,242.25,30.28125,0.09429739,0.0031,0.4681,0.3277,0.2255,
20171011,卡片怪兽,10003901-三星,0,0,0,0,-,-,-,-,-,-,
20171010,全民突击,10003901-三星,1,505,13,568.25,43.71153846,1.12524752,0.0257,0,0,0,
20171010,战斗吧剑灵,10003901-三星,0,18,0,0,-,0,0,-,-,-,递延
20171010,火影忍者-疾风传,10003901-三星,330,11322,297,24634.05,82.94292929,2.17576842,0.0262,0.4364,0.3061,0.1667,
20171010,天天酷跑3D,10003901-三星,143,527,1,0.95,0.95,0.00180266,0.0019,0.1608,0.1259,0.035,递延
20171010,全民枪王,10003901-三星,0,217,0,0,-,0,0,-,-,-,递延
20171010,魂斗罗：归来,10003901-三星,1282,11616,353,48516,137.4390935,4.17665289,0.0304,0.3846,0.2777,0.1552,
20171010,全民斗战神,10003901-三星,8,171,10,116.85,11.685,0.68333333,0.0585,0.5,0.125,0,
20171010,王者荣耀,10003901-三星,5986,719084,6581,293715.59,44.63084486,0.40845797,0.0092,0.5441,0.4412,0.3421,
20171010,六龙争霸3D,10003901-三星,2,134,9,3195.8,355.0888889,23.84925373,0.0672,1,0,0,
20171010,保卫萝卜3,10003901-三星,239,3158,23,455.1,19.78695652,0.1441102,0.0073,0.5105,0.364,0.2594,
20171010,穿越火线-枪战王者,10003901-三星,1514,43188,449,26085.35,58.09654788,0.60399532,0.0104,0.4472,0.323,0.2299,
20171010,全民超神-周年庆,10003901-三星,69,641,4,168.15,42.0375,0.26232449,0.0062,0.4203,0.1304,0.0435,
20171010,御龙在天手游,10003901-三星,25,668,54,7009.45,129.8046296,10.49318862,0.0808,0.52,0.36,0.2,
20171010,英雄战歌,10003901-三星,7,37,0,0,-,0,0,0.1429,0,0,
20171010,封神英雄榜,10003901-三星,5,78,3,213.8,71.26666667,2.74102564,0.0385,0.4,0.4,0.4,递延
20171010,猎鱼达人,10003901-三星,21,188,6,1094.4,182.4,5.8212766,0.0319,0.4762,0.1905,0.1429,
20171010,仙剑奇侠传online,10003901-三星,0,0,0,0,-,-,-,-,-,-,
20171010,轩辕传奇,10003901-三星,50,743,147,26222.3,178.3829932,35.29246299,0.1978,0.4,0.34,0.26,
20171010,弹弹堂,10003901-三星,85,879,48,732.95,15.26979167,0.83384528,0.0546,0.4235,0.3765,0.2824,
20171010,梦幻诛仙,10003901-三星,0,0,0,0,-,-,-,-,-,-,
20171010,天龙八部,10003901-三星,161,1946,340,46860.05,137.8236765,24.08019013,0.1747,0.441,0.3106,0.1739,
20171010,龙之谷,10003901-三星,100,1052,107,6758.9,63.16728972,6.42480989,0.1017,0.45,0.25,0.15,
20171010,寻仙,10003901-三星,74,493,44,2333.95,53.04431818,4.7341785,0.0892,0.5135,0.2973,0.2027,
20171010,乱世王者,10003901-三星,135,2888,341,36324.7,106.5240469,12.57780471,0.1181,0.5556,0.3926,0.3037,
20171010,魔法门之英雄无敌：战争纪元,10003901-三星,0,0,0,0,-,-,-,-,-,-,
20171010,街头篮球,10003901-三星,185,2373,50,4468.51,89.3702,1.88306363,0.0211,0.5189,0.4108,0.1622,
20171010,欢乐球吃球,10003901-三星,0,0,0,0,-,-,-,-,-,-,
20171010,御史大冒险,10003901-三星,0,0,0,0,-,-,-,-,-,-,
20171010,三国群英传-霸王之业,10003901-三星,64,514,42,18777.2,447.0761905,36.53151751,0.0817,0.375,0.2813,0.25,
20171010,饭局狼人杀,10003901-三星,216,2714,11,271,24.63636364,0.09985262,0.0041,0.4352,0.3519,0.1713,
20171010,卡片怪兽,10003901-三星,0,0,0,0,-,-,-,-,-,-,
20171009,全民突击,10003901-三星,1,499,10,334.05,33.405,0.66943888,0.02,0,1,0,
20171009,战斗吧剑灵,10003901-三星,0,20,0,0,-,0,0,-,-,-,递延
20171009,火影忍者-疾风传,10003901-三星,373,11486,312,23700.24,75.96230769,2.0634024,0.0272,0.4048,0.2895,0.1716,
20171009,天天酷跑3D,10003901-三星,155,556,3,114,38,0.20503597,0.0054,0.2194,0.1097,0.0645,递延
20171009,全民枪王,10003901-三星,0,204,2,49.4,24.7,0.24215686,0.0098,-,-,-,递延
20171009,魂斗罗：归来,10003901-三星,1298,11641,381,50176.3,131.6963255,4.31030839,0.0327,0.3914,0.282,0.1749,
20171009,全民斗战神,10003901-三星,9,187,10,124.75,12.475,0.6671123,0.0535,0.5556,0.4444,0.2222,
20171009,王者荣耀,10003901-三星,6029,717850,5773,270507.95,46.85743114,0.37683074,0.008,0.5412,0.4357,0.3526,
20171009,六龙争霸3D,10003901-三星,2,131,9,1024.1,113.7888889,7.81755725,0.0687,0.5,0.5,0,
20171009,保卫萝卜3,10003901-三星,217,3169,18,343.95,19.10833333,0.10853582,0.0057,0.5115,0.4194,0.2765,
20171009,穿越火线-枪战王者,10003901-三星,1480,43462,470,37960.45,80.76691489,0.87341701,0.0108,0.4439,0.325,0.2338,
20171009,全民超神-周年庆,10003901-三星,67,613,3,89.3,29.76666667,0.145677,0.0049,0.403,0.2388,0.1045,
20171009,御龙在天手游,10003901-三星,29,660,60,15432.55,257.2091667,23.38265152,0.0909,0.5172,0.2759,0.1724,
20171009,英雄战歌,10003901-三星,7,44,1,6.65,6.65,0.15113636,0.0227,0.2857,0.2857,0,
20171009,封神英雄榜,10003901-三星,5,80,2,393.5,196.75,4.91875,0.025,0,0,0,递延
20171009,猎鱼达人,10003901-三星,15,206,6,273.6,45.6,1.32815534,0.0291,0.4,0.2667,0.3333,
20171009,仙剑奇侠传online,10003901-三星,0,0,0,0,-,-,-,-,-,-,
20171009,轩辕传奇,10003901-三星,65,770,149,28261.5,189.6744966,36.70324675,0.1935,0.4308,0.2923,0.1692,
20171009,弹弹堂,10003901-三星,77,892,40,1290.25,32.25625,1.44646861,0.0448,0.4545,0.2468,0.1688,
20171009,梦幻诛仙,10003901-三星,0,0,0,0,-,-,-,-,-,-,
20171009,天龙八部,10003901-三星,173,1920,359,47647.9,132.7239554,24.81661458,0.187,0.4509,0.3179,0.185,
20171009,龙之谷,10003901-三星,108,1059,110,6037.4,54.88545455,5.70103872,0.1039,0.3981,0.25,0.1389,
20171009,寻仙,10003901-三星,78,492,53,4009.45,75.65,8.14928862,0.1077,0.4231,0.3718,0.1538,
20171009,乱世王者,10003901-三星,180,2931,348,37440.3,107.587069,12.77389969,0.1187,0.4722,0.4056,0.3389,
20171009,魔法门之英雄无敌：战争纪元,10003901-三星,0,0,0,0,-,-,-,-,-,-,
20171009,街头篮球,10003901-三星,206,2426,39,1967.37,50.44538462,0.81095218,0.0161,0.4466,0.2961,0.1942,
20171009,欢乐球吃球,10003901-三星,0,0,0,0,-,-,-,-,-,-,
20171009,御史大冒险,10003901-三星,0,0,0,0,-,-,-,-,-,-,
20171009,三国群英传-霸王之业,10003901-三星,66,529,40,10535.7,263.3925,19.91625709,0.0756,0.4091,0.3333,0.2576,
20171009,饭局狼人杀,10003901-三星,266,2730,5,128.25,25.65,0.04697802,0.0018,0.4737,0.3271,0.1992,
20171009,卡片怪兽,10003901-三星,0,0,0,0,-,-,-,-,-,-,
20171008,全民突击,10003901-三星,2,555,19,856.1,45.05789474,1.54252252,0.0342,0.5,1,1,
20171008,战斗吧剑灵,10003901-三星,0,17,0,0,-,0,0,-,-,-,递延
20171008,火影忍者-疾风传,10003901-三星,599,13303,301,34210.06,113.6546844,2.5716049,0.0226,0.3189,0.2237,0.207,
20171008,天天酷跑3D,10003901-三星,263,821,3,267.9,89.3,0.32630938,0.0037,0.1521,0.0989,0.057,递延
20171008,全民枪王,10003901-三星,0,257,3,56.05,18.68333333,0.21809339,0.0117,-,-,-,递延
20171008,魂斗罗：归来,10003901-三星,1600,12920,506,68431.1,135.2393281,5.29652477,0.0392,0.325,0.235,0.1656,
20171008,全民斗战神,10003901-三星,20,184,13,502.55,38.65769231,2.73125,0.0707,0.4,0.3,0.05,
20171008,王者荣耀,10003901-三星,9192,823304,8670,308025.69,35.52776125,0.3741336,0.0105,0.4148,0.3315,0.3293,
20171008,六龙争霸3D,10003901-三星,2,136,11,1590.3,144.5727273,11.69338235,0.0809,0.5,1,1,
20171008,保卫萝卜3,10003901-三星,358,3512,31,628.9,20.28709677,0.17907175,0.0088,0.3659,0.2626,0.2123,
20171008,穿越火线-枪战王者,10003901-三星,2602,58242,665,52638.15,79.15511278,0.90378335,0.0114,0.3347,0.244,0.2625,
20171008,全民超神-周年庆,10003901-三星,101,837,7,176,25.14285714,0.21027479,0.0084,0.2871,0.1683,0.2277,
20171008,御龙在天手游,10003901-三星,29,654,65,16018.55,246.4392308,24.49319572,0.0994,0.4483,0.1724,0.069,
20171008,英雄战歌,10003901-三星,16,66,0,0,-,0,0,0.3125,0.1875,0.1875,
20171008,封神英雄榜,10003901-三星,2,79,4,190.15,47.5375,2.40696203,0.0506,0,0,0.5,递延
20171008,猎鱼达人,10003901-三星,19,214,4,429.4,107.35,2.00654206,0.0187,0.3684,0.3158,0.2632,
20171008,仙剑奇侠传online,10003901-三星,0,0,0,0,-,-,-,-,-,-,
20171008,轩辕传奇,10003901-三星,64,763,150,25635,170.9,33.59764089,0.1966,0.3906,0.2813,0.1719,
20171008,弹弹堂,10003901-三星,115,1089,56,1451.95,25.92767857,1.33328742,0.0514,0.313,0.2522,0.2174,
20171008,梦幻诛仙,10003901-三星,0,0,0,0,-,-,-,-,-,-,
20171008,天龙八部,10003901-三星,164,1916,370,40904.7,110.5532432,21.34900835,0.1931,0.4085,0.2866,0.1768,
20171008,龙之谷,10003901-三星,108,1103,111,7623.72,68.68216216,6.91180417,0.1006,0.4907,0.3333,0.1852,
20171008,寻仙,10003901-三星,91,527,52,4535.45,87.22019231,8.60616698,0.0987,0.4396,0.3297,0.2198,
20171008,乱世王者,10003901-三星,227,3016,280,43126.3,154.0225,14.29917109,0.0928,0.4449,0.3789,0.3128,
20171008,魔法门之英雄无敌：战争纪元,10003901-三星,0,0,0,0,-,-,-,-,-,-,
20171008,街头篮球,10003901-三星,366,3061,36,5758.75,159.9652778,1.88132963,0.0118,0.3579,0.2514,0.2213,
20171008,欢乐球吃球,10003901-三星,0,0,0,0,-,-,-,-,-,-,
20171008,御史大冒险,10003901-三星,0,0,0,0,-,-,-,-,-,-,
20171008,三国群英传-霸王之业,10003901-三星,62,537,58,5519.75,95.16810345,10.27886406,0.108,0.4355,0.3226,0.3065,
20171008,饭局狼人杀,10003901-三星,428,3336,12,261.25,21.77083333,0.07831235,0.0036,0.3645,0.3178,0.2407,
20171008,卡片怪兽,10003901-三星,0,0,0,0,-,-,-,-,-,-,
20171007,全民突击,10003901-三星,0,576,13,766.65,58.97307692,1.33098958,0.0226,-,-,-,
20171007,战斗吧剑灵,10003901-三星,0,17,0,0,-,0,0,-,-,-,递延
20171007,火影忍者-疾风传,10003901-三星,663,13791,328,22658.13,69.07966463,1.64296498,0.0238,0.3982,0.2187,0.1614,
20171007,天天酷跑3D,10003901-三星,294,924,3,274.55,91.51666667,0.29713203,0.0032,0.2075,0.0986,0.0748,递延
20171007,全民枪王,10003901-三星,1,266,2,57,28.5,0.21428571,0.0075,0,0,0,递延
20171007,魂斗罗：归来,10003901-三星,1620,13227,425,52141.55,122.686,3.94205413,0.0321,0.3944,0.2346,0.1315,
20171007,全民斗战神,10003901-三星,14,184,15,330.65,22.04333333,1.79701087,0.0815,0.5,0.2143,0.1429,
20171007,王者荣耀,10003901-三星,11157,856899,10335,349170.16,33.78521142,0.40748112,0.0121,0.498,0.2849,0.258,
20171007,六龙争霸3D,10003901-三星,3,132,10,5228.8,522.88,39.61212121,0.0758,0.3333,0.3333,0,
20171007,保卫萝卜3,10003901-三星,351,3663,118,1050.2,8.9,0.28670489,0.0322,0.4387,0.2934,0.1994,
20171007,穿越火线-枪战王者,10003901-三星,3073,61156,683,48235.3,70.622694,0.78872555,0.0112,0.4442,0.2112,0.1842,
20171007,全民超神-周年庆,10003901-三星,123,887,5,56.75,11.35,0.06397971,0.0056,0.2927,0.1057,0.1057,
20171007,御龙在天手游,10003901-三星,38,676,71,21124.4,297.5267606,31.24911243,0.105,0.5,0.2895,0.2105,
20171007,英雄战歌,10003901-三星,15,68,0,0,-,0,0,0.3333,0.0667,0.0667,
20171007,封神英雄榜,10003901-三星,7,85,3,249.05,83.01666667,2.93,0.0353,0.4286,0.2857,0,递延
20171007,猎鱼达人,10003901-三星,19,200,6,262.8,43.8,1.314,0.03,0.5263,0.2632,0.2632,
20171007,仙剑奇侠传online,10003901-三星,0,0,0,0,-,-,-,-,-,-,
20171007,轩辕传奇,10003901-三星,66,797,142,21719.85,152.9566901,27.25200753,0.1782,0.4394,0.2576,0.1515,
20171007,弹弹堂,10003901-三星,128,1140,41,1117.35,27.25243902,0.98013158,0.036,0.3281,0.1719,0.1406,
20171007,梦幻诛仙,10003901-三星,0,0,0,0,-,-,-,-,-,-,
20171007,天龙八部,10003901-三星,159,1900,344,51599.65,149.9989826,27.15771053,0.1811,0.4717,0.3082,0.1509,
20171007,龙之谷,10003901-三星,107,1089,110,8298.05,75.43681818,7.61988062,0.101,0.3832,0.243,0.1776,
20171007,寻仙,10003901-三星,84,477,48,1703.95,35.49895833,3.57222222,0.1006,0.5119,0.3095,0.1786,
20171007,乱世王者,10003901-三星,201,2973,292,49016.65,167.8652397,16.48726875,0.0982,0.4129,0.2836,0.2388,
20171007,魔法门之英雄无敌：战争纪元,10003901-三星,0,0,0,0,-,-,-,-,-,-,
20171007,街头篮球,10003901-三星,423,3179,57,8438.77,148.0485965,2.65453602,0.0179,0.461,0.1986,0.1726,
20171007,欢乐球吃球,10003901-三星,0,0,0,0,-,-,-,-,-,-,
20171007,御史大冒险,10003901-三星,0,0,0,0,-,-,-,-,-,-,
20171007,三国群英传-霸王之业,10003901-三星,72,544,34,11481.9,337.7029412,21.10643382,0.0625,0.375,0.3056,0.2083,
20171007,饭局狼人杀,10003901-三星,550,3521,16,475,29.6875,0.13490486,0.0045,0.4218,0.2364,0.1745,
20171007,卡片怪兽,10003901-三星,0,0,0,0,-,-,-,-,-,-,
20171006,全民突击,10003901-三星,1,554,12,1501.6,125.1333333,2.71046931,0.0217,1,1,0,
20171006,战斗吧剑灵,10003901-三星,0,19,0,0,-,0,0,-,-,-,递延
20171006,火影忍者-疾风传,10003901-三星,686,13998,328,26742.08,81.53073171,1.91042149,0.0234,0.4038,0.2376,0.102,
20171006,天天酷跑3D,10003901-三星,377,1036,2,11.4,5.7,0.01100386,0.0019,0.2334,0.1114,0.0318,递延
20171006,全民枪王,10003901-三星,0,282,0,0,-,0,0,-,-,-,递延
20171006,魂斗罗：归来,10003901-三星,1751,13278,463,67459.2,145.700216,5.08052418,0.0349,0.4129,0.2696,0.1376,
20171006,全民斗战神,10003901-三星,6,193,3,53.5,17.83333333,0.27720207,0.0155,0.1667,0.1667,0,
20171006,王者荣耀,10003901-三星,12130,869554,9152,358581.36,39.18065559,0.41237388,0.0105,0.5204,0.3723,0.2073,
20171006,六龙争霸3D,10003901-三星,3,138,6,932.9,155.4833333,6.76014493,0.0435,0.3333,0,0,
20171006,保卫萝卜3,10003901-三星,382,3707,31,345.4,11.14193548,0.09317507,0.0084,0.4555,0.288,0.1597,
20171006,穿越火线-枪战王者,10003901-三星,3362,61978,761,67477.6,88.6696452,1.08873471,0.0123,0.4667,0.326,0.1297,
20171006,全民超神-周年庆,10003901-三星,158,924,14,378.4,27.02857143,0.40952381,0.0152,0.3671,0.2025,0.0316,
20171006,御龙在天手游,10003901-三星,18,625,62,18159.45,292.8943548,29.05512,0.0992,0.2778,0.2222,0.1667,
20171006,英雄战歌,10003901-三星,14,76,0,0,-,0,0,0.2143,0.2143,0.1429,
20171006,封神英雄榜,10003901-三星,3,80,6,351.7,58.61666667,4.39625,0.075,0.6667,0.3333,0,递延
20171006,猎鱼达人,10003901-三星,21,203,7,452.2,64.6,2.22758621,0.0345,0.0952,0.0476,0.1429,
20171006,仙剑奇侠传online,10003901-三星,0,0,0,0,-,-,-,-,-,-,
20171006,轩辕传奇,10003901-三星,56,783,139,22123.6,159.1625899,28.25491699,0.1775,0.4107,0.25,0.1429,
20171006,弹弹堂,10003901-三星,164,1195,43,739.7,17.20232558,0.61899582,0.036,0.3354,0.1585,0.0732,
20171006,梦幻诛仙,10003901-三星,0,0,0,0,-,-,-,-,-,-,
20171006,天龙八部,10003901-三星,164,1892,362,33535.9,92.64060773,17.72510571,0.1913,0.4573,0.2927,0.189,
20171006,龙之谷,10003901-三星,140,1141,119,9830.05,82.60546218,8.6152936,0.1043,0.4643,0.3571,0.1714,
20171006,寻仙,10003901-三星,80,502,43,3119.4,72.54418605,6.21394422,0.0857,0.3875,0.3,0.1375,
20171006,乱世王者,10003901-三星,229,2970,296,50034.55,169.0356419,16.84664983,0.0997,0.4847,0.3712,0.2533,
20171006,魔法门之英雄无敌：战争纪元,10003901-三星,0,0,0,0,-,-,-,-,-,-,
20171006,街头篮球,10003901-三星,442,3212,56,9714.72,173.4771429,3.02450809,0.0174,0.4729,0.3054,0.0973,
20171006,欢乐球吃球,10003901-三星,0,0,0,0,-,-,-,-,-,-,
20171006,御史大冒险,10003901-三星,0,0,0,0,-,-,-,-,-,-,
20171006,三国群英传-霸王之业,10003901-三星,88,563,44,7259.7,164.9931818,12.8946714,0.0782,0.3864,0.3295,0.2045,
20171006,饭局狼人杀,10003901-三星,607,3615,13,232.75,17.90384615,0.06438451,0.0036,0.4465,0.3114,0.1203,
20171006,卡片怪兽,10003901-三星,0,0,0,0,-,-,-,-,-,-,
20171005,全民突击,10003901-三星,2,587,14,774.25,55.30357143,1.31899489,0.0239,1,1,0.5,
20171005,战斗吧剑灵,10003901-三星,0,16,0,0,-,0,0,-,-,-,递延
20171005,火影忍者-疾风传,10003901-三星,714,14435,410,26542.33,64.73739024,1.83874818,0.0284,0.409,0.2857,0.1148,
20171005,天天酷跑3D,10003901-三星,391,1073,0,0,-,0,0,0.2404,0.133,0.023,递延
20171005,全民枪王,10003901-三星,0,293,2,11.4,5.7,0.03890785,0.0068,-,-,-,递延
20171005,魂斗罗：归来,10003901-三星,1871,13491,491,79520.35,161.9559063,5.89432585,0.0364,0.3987,0.2811,0.147,
20171005,全民斗战神,10003901-三星,14,199,5,108.3,21.66,0.54422111,0.0251,0.5714,0.2857,0.0714,
20171005,王者荣耀,10003901-三星,14135,899683,11401,398259.7,34.93199719,0.44266669,0.0127,0.5067,0.3897,0.1913,
20171005,六龙争霸3D,10003901-三星,2,137,6,1031.7,171.95,7.53065693,0.0438,0,0,0,
20171005,保卫萝卜3,10003901-三星,414,3868,26,762.85,29.34038462,0.19722079,0.0067,0.4444,0.285,0.1353,
20171005,穿越火线-枪战王者,10003901-三星,3727,63727,871,76782.35,88.15424799,1.20486372,0.0137,0.4663,0.3461,0.1264,
20171005,全民超神-周年庆,10003901-三星,165,957,14,144.6,10.32857143,0.15109718,0.0146,0.3758,0.2121,0.0303,
20171005,御龙在天手游,10003901-三星,32,641,69,19112.4,276.9913044,29.81653666,0.1076,0.3125,0.3125,0.125,
20171005,英雄战歌,10003901-三星,18,83,0,0,-,0,0,0.3333,0.2222,0.0556,
20171005,封神英雄榜,10003901-三星,7,92,6,204.4,34.06666667,2.22173913,0.0652,0.1429,0.1429,0,递延
20171005,猎鱼达人,10003901-三星,32,207,7,3017.2,431.0285714,14.57584541,0.0338,0.4063,0.375,0.0625,
20171005,仙剑奇侠传online,10003901-三星,0,0,0,0,-,-,-,-,-,-,
20171005,轩辕传奇,10003901-三星,75,847,132,7671.45,58.11704545,9.05720189,0.1558,0.36,0.2933,0.0933,
20171005,弹弹堂,10003901-三星,140,1215,63,7552.55,119.881746,6.21609053,0.0519,0.3571,0.2714,0.0643,
20171005,梦幻诛仙,10003901-三星,0,0,0,0,-,-,-,-,-,-,
20171005,天龙八部,10003901-三星,173,1889,349,37697.9,108.0169054,19.95653785,0.1848,0.3353,0.2312,0.1387,
20171005,龙之谷,10003901-三星,139,1131,129,8051.7,62.41627907,7.11909814,0.1141,0.4532,0.3381,0.2158,
20171005,寻仙,10003901-三星,80,500,36,1905.3,52.925,3.8106,0.072,0.4875,0.3125,0.15,
20171005,乱世王者,10003901-三星,196,2944,278,38278.3,137.6917266,13.00213995,0.0944,0.4235,0.3112,0.2398,
20171005,魔法门之英雄无敌：战争纪元,10003901-三星,0,0,0,0,-,-,-,-,-,-,
20171005,街头篮球,10003901-三星,502,3370,36,5386.8,149.6333333,1.59845697,0.0107,0.4502,0.3028,0.0976,
20171005,欢乐球吃球,10003901-三星,0,0,0,0,-,-,-,-,-,-,
20171005,御史大冒险,10003901-三星,0,0,0,0,-,-,-,-,-,-,
20171005,三国群英传-霸王之业,10003901-三星,88,558,44,13015.9,295.8159091,23.32598566,0.0789,0.375,0.2955,0.2386,
20171005,饭局狼人杀,10003901-三星,689,3660,14,556,39.71428571,0.15191257,0.0038,0.4427,0.312,0.1103,
20171005,卡片怪兽,10003901-三星,0,0,0,0,-,-,-,-,-,-,
20171004,全民突击,10003901-三星,1,569,15,1792.65,119.51,3.15052724,0.0264,0,0,1,
20171004,战斗吧剑灵,10003901-三星,0,14,0,0,-,0,0,-,-,-,递延
20171004,火影忍者-疾风传,10003901-三星,966,15696,467,24527.61,52.52164882,1.56266628,0.0298,0.3903,0.2671,0.0973,
20171004,天天酷跑3D,10003901-三星,494,1218,1,10,10,0.00821018,0.0008,0.2409,0.1377,0.0263,递延
20171004,全民枪王,10003901-三星,0,326,3,172.35,57.45,0.52868098,0.0092,-,-,-,递延
20171004,魂斗罗：归来,10003901-三星,2269,14189,554,85972.9,155.1857401,6.05912326,0.039,0.3733,0.2556,0.1287,
20171004,全民斗战神,10003901-三星,22,201,6,167.2,27.86666667,0.8318408,0.0299,0.4091,0.3182,0.1818,
20171004,王者荣耀,10003901-三星,19210,959413,12815,487623.62,38.05100429,0.50825205,0.0134,0.4993,0.3749,0.1802,
20171004,六龙争霸3D,10003901-三星,2,126,12,1900,158.3333333,15.07936508,0.0952,0,0,0,
20171004,保卫萝卜3,10003901-三星,533,4078,141,1187.75,8.42375887,0.29125797,0.0346,0.4203,0.3133,0.1351,
20171004,穿越火线-枪战王者,10003901-三星,4574,67752,1079,107158.35,99.3126506,1.58162637,0.0159,0.4624,0.3061,0.1126,
20171004,全民超神-周年庆,10003901-三星,175,1017,11,577.2,52.47272727,0.56755162,0.0108,0.3086,0.2057,0.0571,
20171004,御龙在天手游,10003901-三星,34,693,77,16420.45,213.2525974,23.69473304,0.1111,0.2059,0.1471,0.1471,
20171004,英雄战歌,10003901-三星,15,82,0,0,-,0,0,0.4667,0.2667,0,
20171004,封神英雄榜,10003901-三星,8,98,7,247.2,35.31428571,2.52244898,0.0714,0.375,0.125,0,递延
20171004,猎鱼达人,10003901-三星,23,236,8,1312.9,164.1125,5.56313559,0.0339,0.1304,0.087,0.0435,
20171004,仙剑奇侠传online,10003901-三星,0,0,0,0,-,-,-,-,-,-,
20171004,轩辕传奇,10003901-三星,83,888,157,22170.2,141.211465,24.96644144,0.1768,0.3253,0.2048,0.0723,
20171004,弹弹堂,10003901-三星,183,1337,79,3859.35,48.85253165,2.88657442,0.0591,0.3607,0.2459,0.0984,
20171004,梦幻诛仙,10003901-三星,0,0,0,0,-,-,-,-,-,-,
20171004,天龙八部,10003901-三星,185,1954,360,41202.8,114.4522222,21.0863869,0.1842,0.4108,0.3243,0.1838,
20171004,龙之谷,10003901-三星,172,1157,118,6227.35,52.77415254,5.38232498,0.102,0.5174,0.3953,0.1802,
20171004,寻仙,10003901-三星,88,515,38,3525.4,92.77368421,6.84543689,0.0738,0.3409,0.3068,0.1705,
20171004,乱世王者,10003901-三星,279,3009,292,42792.5,146.5496575,14.22150216,0.097,0.4158,0.3011,0.2581,
20171004,魔法门之英雄无敌：战争纪元,10003901-三星,0,0,0,0,-,-,-,-,-,-,
20171004,街头篮球,10003901-三星,593,3559,43,5910.08,137.4437209,1.66060129,0.0121,0.398,0.2597,0.0809,
20171004,欢乐球吃球,10003901-三星,0,0,0,0,-,-,-,-,-,-,
20171004,御史大冒险,10003901-三星,0,0,0,0,-,-,-,-,-,-,
20171004,三国群英传-霸王之业,10003901-三星,84,528,37,12077.85,326.4283784,22.87471591,0.0701,0.4762,0.3095,0.131,
20171004,饭局狼人杀,10003901-三星,697,3733,9,289.75,32.19444444,0.07761854,0.0024,0.439,0.3085,0.1076,
20171004,卡片怪兽,10003901-三星,0,0,0,0,-,-,-,-,-,-,
20171003,全民突击,10003901-三星,3,568,18,1230.25,68.34722222,2.1659331,0.0317,0,0,0,
20171003,战斗吧剑灵,10003901-三星,0,16,0,0,-,0,0,-,-,-,递延
20171003,火影忍者-疾风传,10003901-三星,972,15713,473,36607.02,77.39327696,2.32972825,0.0301,0.429,0.2932,0.1111,
20171003,天天酷跑3D,10003901-三星,492,1165,2,104.5,52.25,0.08969957,0.0017,0.2358,0.128,0.0325,递延
20171003,全民枪王,10003901-三星,0,322,4,145.4,36.35,0.4515528,0.0124,-,-,-,递延
20171003,魂斗罗：归来,10003901-三星,2183,13746,427,104445.15,244.6022248,7.5982213,0.0311,0.4137,0.2675,0.1365,
20171003,全民斗战神,10003901-三星,21,193,10,988.95,98.895,5.12409326,0.0518,0.619,0.3333,0.1429,
20171003,王者荣耀,10003901-三星,18889,942343,15539,536752.61,34.54228779,0.56959367,0.0165,0.5493,0.4073,0.1775,
20171003,六龙争霸3D,10003901-三星,2,132,8,1860.4,232.55,14.09393939,0.0606,0,0,0,
20171003,保卫萝卜3,10003901-三星,568,4110,31,504.4,16.27096774,0.12272506,0.0075,0.4313,0.3081,0.1215,
20171003,穿越火线-枪战王者,10003901-三星,4575,65255,999,102430.5,102.533033,1.56969581,0.0153,0.4787,0.3454,0.1132,
20171003,全民超神-周年庆,10003901-三星,203,1050,3,7.6,2.53333333,0.0072381,0.0029,0.4236,0.2266,0.0394,
20171003,御龙在天手游,10003901-三星,22,651,91,31332.5,344.3131868,48.12980031,0.1398,0.3636,0.1818,0.0455,
20171003,英雄战歌,10003901-三星,16,76,0,0,-,0,0,0.4375,0.1875,0,
20171003,封神英雄榜,10003901-三星,4,94,4,21.1,5.275,0.22446809,0.0426,0,0,0,递延
20171003,猎鱼达人,10003901-三星,43,248,9,1316.2,146.2444444,5.30725806,0.0363,0.4419,0.186,0.1395,
20171003,仙剑奇侠传online,10003901-三星,0,0,0,0,-,-,-,-,-,-,
20171003,轩辕传奇,10003901-三星,83,867,150,20668.9,137.7926667,23.83956171,0.173,0.5422,0.4096,0.241,
20171003,弹弹堂,10003901-三星,204,1353,63,4341.65,68.91507937,3.20890613,0.0466,0.3382,0.2598,0.098,
20171003,梦幻诛仙,10003901-三星,0,0,0,0,-,-,-,-,-,-,
20171003,天龙八部,10003901-三星,187,1922,371,50830.95,137.0106469,26.44690427,0.193,0.4385,0.2727,0.1658,
20171003,龙之谷,10003901-三星,164,1145,104,6841.05,65.77932692,5.97471616,0.0908,0.4939,0.3171,0.1402,
20171003,寻仙,10003901-三星,122,509,47,1322.45,28.13723404,2.5981336,0.0923,0.5082,0.3689,0.2049,
20171003,乱世王者,10003901-三星,242,2959,307,29331.35,95.54185668,9.91258871,0.1038,0.4256,0.3182,0.2066,
20171003,魔法门之英雄无敌：战争纪元,10003901-三星,0,0,0,0,-,-,-,-,-,-,
20171003,街头篮球,10003901-三星,587,3468,60,8216.43,136.9405,2.3692128,0.0173,0.4753,0.2641,0.0613,
20171003,欢乐球吃球,10003901-三星,0,0,0,0,-,-,-,-,-,-,
20171003,御史大冒险,10003901-三星,0,0,0,0,-,-,-,-,-,-,
20171003,三国群英传-霸王之业,10003901-三星,119,558,48,7207.45,150.1552083,12.91657706,0.086,0.3613,0.2689,0.2101,
20171003,饭局狼人杀,10003901-三星,758,3687,11,394.25,35.84090909,0.10692975,0.003,0.4631,0.3074,0.1214,
20171003,卡片怪兽,10003901-三星,0,0,0,0,-,-,-,-,-,-,
20171002,全民突击,10003901-三星,2,586,9,114.3,12.7,0.19505119,0.0154,0,0,0,
20171002,战斗吧剑灵,10003901-三星,0,20,0,0,-,0,0,-,-,-,递延
20171002,火影忍者-疾风传,10003901-三星,1080,15655,660,41478.26,62.84584848,2.64952156,0.0422,0.4398,0.313,0.1657,
20171002,天天酷跑3D,10003901-三星,512,1154,0,0,-,0,0,0.2422,0.1445,0.0313,递延
20171002,全民枪王,10003901-三星,0,308,3,1026,342,3.33116883,0.0097,-,-,-,递延
20171002,魂斗罗：归来,10003901-三星,2313,13440,479,111168.8,232.0851775,8.2714881,0.0356,0.4003,0.2819,0.1535,
20171002,全民斗战神,10003901-三星,19,195,11,621.45,56.49545455,3.18692308,0.0564,0.5789,0.2105,0.2105,
20171002,王者荣耀,10003901-三星,20228,935678,18499,649108.95,35.08886697,0.69373112,0.0198,0.5545,0.4507,0.2535,
20171002,六龙争霸3D,10003901-三星,5,136,5,1130.5,226.1,8.3125,0.0368,0.4,0.2,0,
20171002,保卫萝卜3,10003901-三星,546,3943,27,589.95,21.85,0.14961958,0.0068,0.456,0.3114,0.1374,
20171002,穿越火线-枪战王者,10003901-三星,4808,64399,1254,116166.8,92.63700159,1.80386031,0.0195,0.499,0.3783,0.1913,
20171002,全民超神-周年庆,10003901-三星,213,1030,11,35.7,3.24545455,0.03466019,0.0107,0.4366,0.2347,0.0657,
20171002,御龙在天手游,10003901-三星,23,683,82,24009.55,292.7993902,35.15307467,0.1201,0.3043,0.087,0.1304,
20171002,英雄战歌,10003901-三星,17,74,0,0,-,0,0,0.4706,0.1176,0.0588,
20171002,封神英雄榜,10003901-三星,12,97,10,1727.1,172.71,17.80515464,0.1031,0.3333,0.1667,0.0833,递延
20171002,猎鱼达人,10003901-三星,29,230,6,1191.3,198.55,5.17956522,0.0261,0.4138,0.1724,0.1379,
20171002,仙剑奇侠传online,10003901-三星,0,0,0,0,-,-,-,-,-,-,
20171002,轩辕传奇,10003901-三星,80,834,147,14978.25,101.8928571,17.95953237,0.1763,0.3875,0.2875,0.2125,
20171002,弹弹堂,10003901-三星,208,1343,62,2586.55,41.71854839,1.92594937,0.0462,0.3798,0.25,0.1202,
20171002,梦幻诛仙,10003901-三星,0,0,0,0,-,-,-,-,-,-,
20171002,天龙八部,10003901-三星,206,1932,366,57444.4,156.9519126,29.73312629,0.1894,0.3786,0.301,0.1602,
20171002,龙之谷,10003901-三星,142,1105,113,11934,105.6106195,10.8,0.1023,0.3592,0.2465,0.1408,
20171002,寻仙,10003901-三星,96,449,39,3209.4,82.29230769,7.14788419,0.0869,0.4583,0.3542,0.2396,
20171002,乱世王者,10003901-三星,299,2968,302,38254.85,126.6716887,12.8891004,0.1018,0.3679,0.2642,0.1739,
20171002,魔法门之英雄无敌：战争纪元,10003901-三星,0,0,0,0,-,-,-,-,-,-,
20171002,街头篮球,10003901-三星,557,3358,46,4912.06,106.783913,1.46279333,0.0137,0.4686,0.3178,0.1203,
20171002,欢乐球吃球,10003901-三星,0,0,0,0,-,-,-,-,-,-,
20171002,御史大冒险,10003901-三星,0,0,0,0,-,-,-,-,-,-,
20171002,三国群英传-霸王之业,10003901-三星,106,528,39,17725.25,454.4935897,33.57054924,0.0739,0.4151,0.2925,0.1698,
20171002,饭局狼人杀,10003901-三星,712,3557,11,276.75,25.15909091,0.07780433,0.0031,0.4719,0.3371,0.1447,
20171002,卡片怪兽,10003901-三星,0,0,0,0,-,-,-,-,-,-,
20171001,全民突击,10003901-三星,0,588,18,967.7,53.76111111,1.6457483,0.0306,-,-,-,
20171001,战斗吧剑灵,10003901-三星,0,18,0,0,-,0,0,-,-,-,递延
20171001,火影忍者-疾风传,10003901-三星,1167,15701,1253,78540.49,62.68195531,5.00226037,0.0798,0.455,0.3231,0.1371,
20171001,天天酷跑3D,10003901-三星,463,1114,2,95.95,47.975,0.08613106,0.0018,0.2095,0.149,0.0454,递延
20171001,全民枪王,10003901-三星,0,310,2,2190.7,1095.35,7.06677419,0.0065,-,-,-,递延
20171001,魂斗罗：归来,10003901-三星,2372,13123,589,186783.6,317.1198642,14.23330031,0.0449,0.4013,0.2825,0.1454,
20171001,全民斗战神,10003901-三星,25,202,24,2569.6,107.0666667,12.72079208,0.1188,0.2,0.2,0.2,
20171001,王者荣耀,10003901-三星,22064,934137,35985,1312084.07,36.46197221,1.4045949,0.0385,0.5509,0.4511,0.2829,
20171001,六龙争霸3D,10003901-三星,4,139,11,1857.25,168.8409091,13.36151079,0.0791,0.25,0.25,0,
20171001,保卫萝卜3,10003901-三星,525,3833,140,591.35,4.22392857,0.15427863,0.0365,0.4533,0.3333,0.1657,
20171001,穿越火线-枪战王者,10003901-三星,5090,62955,2462,294810.16,119.7441755,4.68287126,0.0391,0.488,0.3798,0.2145,
20171001,全民超神-周年庆,10003901-三星,190,998,24,571.9,23.82916667,0.57304609,0.024,0.3158,0.1737,0.0632,
20171001,御龙在天手游,10003901-三星,28,723,110,70306.25,639.1477273,97.24239281,0.1521,0.3571,0.25,0.1429,
20171001,英雄战歌,10003901-三星,16,81,0,0,-,0,0,0.4375,0.25,0.25,
20171001,封神英雄榜,10003901-三星,13,94,11,865.25,78.65909091,9.20478723,0.117,0.3077,0.2308,0.0769,递延
20171001,猎鱼达人,10003901-三星,38,235,6,500,83.33333333,2.12765957,0.0255,0.2895,0.1842,0.0526,
20171001,仙剑奇侠传online,10003901-三星,0,0,0,0,-,-,-,-,-,-,
20171001,轩辕传奇,10003901-三星,91,859,163,28600.01,175.4601841,33.29454016,0.1898,0.3736,0.3187,0.1319,
20171001,弹弹堂,10003901-三星,230,1436,60,2254.7,37.57833333,1.57012535,0.0418,0.4,0.2609,0.1304,
20171001,梦幻诛仙,10003901-三星,0,0,0,0,-,-,-,-,-,-,
20171001,天龙八部,10003901-三星,224,1998,375,55681.1,148.4829333,27.86841842,0.1877,0.3348,0.2366,0.1295,
20171001,龙之谷,10003901-三星,178,1119,124,14290.1,115.2427419,12.77042002,0.1108,0.3933,0.309,0.1517,
20171001,寻仙,10003901-三星,76,423,43,3286.5,76.43023256,7.76950355,0.1017,0.3816,0.2763,0.0921,
20171001,乱世王者,10003901-三星,235,2950,370,75824.08,204.929946,25.70307797,0.1254,0.3745,0.2723,0.1957,
20171001,魔法门之英雄无敌：战争纪元,10003901-三星,0,0,0,0,-,-,-,-,-,-,
20171001,街头篮球,10003901-三星,637,3250,66,8936.83,135.4065152,2.74979385,0.0203,0.4223,0.2732,0.0958,
20171001,欢乐球吃球,10003901-三星,0,0,0,0,-,-,-,-,-,-,
20171001,御史大冒险,10003901-三星,0,0,0,0,-,-,-,-,-,-,
20171001,三国群英传-霸王之业,10003901-三星,85,494,63,18312.95,290.681746,37.07074899,0.1275,0.4,0.3176,0.2353,
20171001,饭局狼人杀,10003901-三星,722,3443,16,494.25,30.890625,0.14355213,0.0046,0.4197,0.2604,0.133,
20171001,卡片怪兽,10003901-三星,0,0,0,0,-,-,-,-,-,-,
,,,,,,28040074.44,,,,,,,
